Asset_Category,Asset_ID,Asset_Name,City_Corridor,Micro_Market_or_Tehsil,Ticket_Price_Display,Rate_Metric,Elevation_m_MSL,Flood_Risk_Rating,Water_Supply_and_TDS,Commute_or_Access_Metric,Govt_Master_Plan_Catalyst,Critic_AI_Verdict,Contact_or_Developer,Google_Maps_URL,Primary_Data_Source,Last_Audit_Date
🏠 Purchase Property,prop_blr_1,Sobha Neopolis,Bengaluru,Panathur - Balagere Road,₹2.58 Cr,₹14200/sqft,884,High Plinth (Elevated Natural Ridge),Piped (300 ppm),15 km to City Center,Namma Metro Blue Line ORR Phase 2A (Kadubeesanahalli Stn 2026) + Balagere-Varthur 100ft CDP Road expansion,✅ Validated,Sobha Limited,,State RERA Registry (Sobha Limited Legal Filing) | Municipal Stormwater Master Plan (GIS Contour Elevation) | TomTom / Google Mobility Commute Index | Public Works Department / Metro Phase Infrastructure Blueprint,2026-10-03 17:09:30
🏠 Purchase Property,prop_blr_2,Prestige Falcon City,Bengaluru,Kanakapura Road,₹2.28 Cr,₹12800/sqft,912,Zero Inundation (High Table-land),Piped (300 ppm),15 km to City Center,Namma Metro Green Line directly at Konanakunte Cross + Forum Mall integration + NICE Peripheral Expressway,✅ Validated,Prestige Group,,State RERA Registry (Prestige Group Legal Filing) | Municipal Stormwater Master Plan (GIS Contour Elevation) | TomTom / Google Mobility Commute Index | Public Works Department / Metro Phase Infrastructure Blueprint,2026-10-03 17:09:30
🏠 Purchase Property,prop_blr_3,Brigade Cornerstone Utopia,Bengaluru,Varthur - Whitefield,₹1.95 Cr,₹11900/sqft,885,Engineered SWD with High Berm Buffer,Piped (300 ppm),15 km to City Center,Comprehensive Varthur Lake rejuvenation + 6-lane Varthur-Sarjapur bypass arterial corridor,✅ Validated,Brigade Group,,State RERA Registry (Brigade Group Legal Filing) | Municipal Stormwater Master Plan (GIS Contour Elevation) | TomTom / Google Mobility Commute Index | Public Works Department / Metro Phase Infrastructure Blueprint,2026-10-03 17:09:30
🏠 Purchase Property,prop_mum_1,Oberoi Sky City,Mumbai & MMR,Borivali East - WEH,₹3.81 Cr,₹26800/sqft,38,Zero Inundation (Natural Granitic Base),Piped (300 ppm),15 km to City Center,Direct Metro Line 7 dedicated skywalk + Goregaon-Mulund Link Road (GMLR) twin tunnels + Coastal Road extension,✅ Validated,Oberoi Realty,,State RERA Registry (Oberoi Realty Legal Filing) | Municipal Stormwater Master Plan (GIS Contour Elevation) | TomTom / Google Mobility Commute Index | Public Works Department / Metro Phase Infrastructure Blueprint,2026-10-03 17:09:30
🏠 Purchase Property,prop_mum_2,L&T Seawoods Residences,Mumbai & MMR,Seawoods - Navi Mumbai,₹2.9 Cr,₹21500/sqft,12,Engineered CIDCO Polder Drainage (No waterlogging),Piped (300 ppm),15 km to City Center,Navi Mumbai International Airport (NMIA 2025 operational) + Atal Setu MTHL connection (20 min to South Mumbai),✅ Validated,L&T Realty,,State RERA Registry (L&T Realty Legal Filing) | Municipal Stormwater Master Plan (GIS Contour Elevation) | TomTom / Google Mobility Commute Index | Public Works Department / Metro Phase Infrastructure Blueprint,2026-10-03 17:09:30
🏠 Purchase Property,prop_mum_3,Godrej The Trees,Mumbai & MMR,Vikhroli East - Eastern Express Highway,₹3.8 Cr,₹25500/sqft,16,Zero Inundation (Protected Mangrove Buffer Zone),Piped (300 ppm),15 km to City Center,Mumbai Metro Line 4 (Wadala-Kasarvadavali) + Eastern Freeway extension to Thane,✅ Validated,Godrej Properties,,State RERA Registry (Godrej Properties Legal Filing) | Municipal Stormwater Master Plan (GIS Contour Elevation) | TomTom / Google Mobility Commute Index | Public Works Department / Metro Phase Infrastructure Blueprint,2026-10-03 17:09:30
🏠 Purchase Property,prop_chn_1,Purva Somerset House,Chennai,Guindy - Race Course,₹3.16 Cr,₹16200/sqft,18,Elevated Geological Ridge (+12m above tidal surge),Piped (300 ppm),15 km to City Center,Chennai Metro Corridor 3 & Corridor 5 multi-modal interchange at Kathipara + Anna Salai flyover link,✅ Validated,Puravankara Limited,,State RERA Registry (Puravankara Limited Legal Filing) | Municipal Stormwater Master Plan (GIS Contour Elevation) | TomTom / Google Mobility Commute Index | Public Works Department / Metro Phase Infrastructure Blueprint,2026-10-03 17:09:30
🏠 Purchase Property,prop_chn_2,Brigade Residences at WTC,Chennai,Perungudi - OMR IT Corridor,₹2.58 Cr,₹14500/sqft,7.5,High Raised Plinth (+1.8m above OMR road grade),Piped (300 ppm),15 km to City Center,Chennai Metro Phase 2 OMR line along corridor + Perungudi tidal storm canal redesign,✅ Validated,Brigade Group,,State RERA Registry (Brigade Group Legal Filing) | Municipal Stormwater Master Plan (GIS Contour Elevation) | TomTom / Google Mobility Commute Index | Public Works Department / Metro Phase Infrastructure Blueprint,2026-10-03 17:09:30
🏠 Purchase Property,prop_chn_3,Appaswamy Trellis,Chennai,Vadapalani - Inner Ring Road,₹1.95 Cr,₹12800/sqft,15,Zero Inundation (Natural High Alluvial Ridge),Piped (300 ppm),15 km to City Center,Chennai Metro Green & Blue Line connectivity + 100ft Inner Ring Road flyover network,✅ Validated,Appaswamy Real Estates,,State RERA Registry (Appaswamy Real Estates Legal Filing) | Municipal Stormwater Master Plan (GIS Contour Elevation) | TomTom / Google Mobility Commute Index | Public Works Department / Metro Phase Infrastructure Blueprint,2026-10-03 17:09:30
🏠 Purchase Property,prop_del_1,DLF The Crest,Delhi-NCR,Golf Course Road - Sec 54 Gurugram,₹6.57 Cr,₹24500/sqft,235,Zero Inundation (Elevated Foothills Slope),Piped (300 ppm),15 km to City Center,Gurugram Rapid Metro line station integration + 16-lane signal-free expressway + Direct Aravali green corridor,✅ Validated,DLF Limited,,State RERA Registry (DLF Limited Legal Filing) | Municipal Stormwater Master Plan (GIS Contour Elevation) | TomTom / Google Mobility Commute Index | Public Works Department / Metro Phase Infrastructure Blueprint,2026-10-03 17:09:30
🏠 Purchase Property,prop_del_2,Eldeco Live Neoma,Delhi-NCR,Sector 150 - Noida Expressway,₹1.89 Cr,₹10800/sqft,204,High Engineered Plinth (Outside Yamuna O-Zone),Piped (300 ppm),15 km to City Center,Noida International Airport Jewar (20 mins via Yamuna Exp) + Aqua Line Metro Extension + 80% designated green zone,✅ Validated,Eldeco Group,,State RERA Registry (Eldeco Group Legal Filing) | Municipal Stormwater Master Plan (GIS Contour Elevation) | TomTom / Google Mobility Commute Index | Public Works Department / Metro Phase Infrastructure Blueprint,2026-10-03 17:09:30
🏠 Purchase Property,prop_del_3,Godrej South Estate,Delhi-NCR,Okhla Phase 1 - South Delhi,₹4.84 Cr,₹22500/sqft,218,Zero Inundation (High Ridge Flank),Piped (300 ppm),15 km to City Center,Delhi Metro Magenta & Violet Lines intersection + DDA Transit-Oriented Development (TOD) corridor,✅ Validated,Godrej Properties,,State RERA Registry (Godrej Properties Legal Filing) | Municipal Stormwater Master Plan (GIS Contour Elevation) | TomTom / Google Mobility Commute Index | Public Works Department / Metro Phase Infrastructure Blueprint,2026-10-03 17:09:30
🏠 Purchase Property,prop_hyd_1,My Home Bhooja,Hyderabad,HITECH City - Knowledge City,₹3.84 Cr,₹14800/sqft,582,Zero Inundation (High Granite Hillock),Piped (300 ppm),15 km to City Center,Hyderabad Metro Blue Line station walking distance + Inorbit Mall flyover + Bio-Diversity flyover network,✅ Validated,My Home Group,,State RERA Registry (My Home Group Legal Filing) | Municipal Stormwater Master Plan (GIS Contour Elevation) | TomTom / Google Mobility Commute Index | Public Works Department / Metro Phase Infrastructure Blueprint,2026-10-03 17:09:30
🏠 Purchase Property,prop_hyd_2,Aparna Sarovar Zenith,Hyderabad,Nallagandla - Gachibowli,₹1.81 Cr,₹9800/sqft,560,Zero Inundation (High Rocky Ridge),Piped (300 ppm),15 km to City Center,Tellapur-Nallagandla 100ft road to ORR Exit 2 + Citizen Hospital healthcare corridor,✅ Validated,Aparna Constructions,,State RERA Registry (Aparna Constructions Legal Filing) | Municipal Stormwater Master Plan (GIS Contour Elevation) | TomTom / Google Mobility Commute Index | Public Works Department / Metro Phase Infrastructure Blueprint,2026-10-03 17:09:30
🏠 Purchase Property,prop_hyd_3,Prestige Clairemont,Hyderabad,Kokapet - Neopolis SEZ,₹2.28 Cr,₹11500/sqft,578,Zero Inundation (Natural Granitic Slope),Piped (300 ppm),15 km to City Center,Kokapet Neopolis SEZ 45m master roads + Direct ORR Trumpet Interchange + 100-acre Commercial CBD,✅ Validated,Prestige Group,,State RERA Registry (Prestige Group Legal Filing) | Municipal Stormwater Master Plan (GIS Contour Elevation) | TomTom / Google Mobility Commute Index | Public Works Department / Metro Phase Infrastructure Blueprint,2026-10-03 17:09:30
🏠 Purchase Property,prop_vns_1,Eldeco Surya Greens,Varanasi & Eastern UP 100km Corridor,Shivpur - North Varanasi Ridge,₹1.07 Cr,₹6900/sqft,85,Zero Inundation (High Alluvial Ridge: +11m above Ganga HFL),Piped (300 ppm),15 km to City Center,Varanasi 6-Lane Ring Road Phase 2 + Babatpur Airport 4-Lane Highway + Smart City Multi-Modal Hub,✅ Validated,Eldeco Group,,State RERA Registry (Eldeco Group Legal Filing) | Municipal Stormwater Master Plan (GIS Contour Elevation) | TomTom / Google Mobility Commute Index | Public Works Department / Metro Phase Infrastructure Blueprint,2026-10-03 17:09:30
🏠 Purchase Property,prop_vns_2,Omaxe Heights Prayagraj,Varanasi & Eastern UP 100km Corridor,Civil Lines - Prayagraj,₹1.41 Cr,₹8200/sqft,98,Zero Inundation (British Grid Elevated Plateau: +14m above Sangam),Piped (300 ppm),15 km to City Center,Prayagraj Mahakumbh 2025 Infrastructure Works + 6-lane Ganga Expressway link to Meerut/Delhi,✅ Validated,Omaxe Limited,,State RERA Registry (Omaxe Limited Legal Filing) | Municipal Stormwater Master Plan (GIS Contour Elevation) | TomTom / Google Mobility Commute Index | Public Works Department / Metro Phase Infrastructure Blueprint,2026-10-03 17:09:30
🏠 Purchase Property,prop_vns_3,Kashi Royal Greens,Varanasi & Eastern UP 100km Corridor,Babatpur - Airport Corridor,₹0.86 Cr,₹5800/sqft,89,Zero Inundation (High Continental Plateau),Piped (300 ppm),15 km to City Center,LBS International Airport expansion (New Terminal & Cargo Complex) + Varanasi Ring Road Phase 2 interchange,✅ Validated,Roma Builders,,State RERA Registry (Roma Builders Legal Filing) | Municipal Stormwater Master Plan (GIS Contour Elevation) | TomTom / Google Mobility Commute Index | Public Works Department / Metro Phase Infrastructure Blueprint,2026-10-03 17:09:30
🏠 Purchase Property,prop_goa_1,Vianaar La Mer Portuguese Estate,Goa,Assagao & Anjuna Plateau,₹3.48 Cr,₹14200/sqft,42,🟢 Zero Flood Risk (Elevated Tableland),Piped (300 ppm),15 km to City Center,Mopa International Airport (DXN) Corridor & North Goa Coastal Highway 4-Laning,✅ Validated,Vianaar Homes,,Goa RERA Reg PRGO10220194 + Town and Country Planning (TCP) Goa Sanction,2026-10-03 17:09:30
🏠 Purchase Property,prop_pb_1,Hero Homes Pakhowal Boulevard,Punjab & Haryana,Ludhiana South & Pakhowal Agro-Belt,₹1.25 Cr,₹6400/sqft,252,🟢 Safe Elevated Alluvial Plain,Piped (300 ppm),15 km to City Center,Delhi-Amritsar-Katra Expressway (NE-5) & Ludhiana Metro Ring Route,✅ Validated,Hero Realty,,Punjab RERA PBRERA-LDH45-PR0034 + GLADA Statutory Approval,2026-10-03 17:09:30
🏠 Purchase Property,prop_lko_1,Shalimar Grand Residences,Lucknow,Gomti Nagar Extension & Shaheed Path,₹1.65 Cr,₹8918/sqft,124,Zero Submergence (High-Plinth Storm Network),Piped (300 ppm),15 km to City Center,Lucknow IT City Expansion & Outer Ring Road Kisan Path Connectivity,✅ Validated,Shalimar Corp,,UP RERA Official Registry & Shalimar Corp Portfolio,2026-10-03 17:09:30
🏠 Purchase Property,prop_lko_2,Rishita Mulberry Heights,Lucknow,Sushant Golf City & Amar Shaheed Path,₹1.42 Cr,₹8452/sqft,126,Zero Submergence (Engineered Township Grading),Piped (300 ppm),15 km to City Center,Medanta & Lulu Mall Commercial Aerotropolis Influence,✅ Validated,Rishita Developers,,UP RERA Project Filings & Ansal Township Master Plan,2026-10-03 17:09:30
🏠 Purchase Property,prop_goa_2,Acron Waterfront Villa & Residences,Goa,Baga-Arpora Coastal Belt,₹3.05 Cr,₹14500/sqft,18,Zero Submergence (High Laterite Ridge Plinth),Piped (300 ppm),15 km to City Center,Mopa Manohar Airport High-Speed Highway Connectivity & North Goa Tourism Master Plan,✅ Validated,Acron Developers,,Goa RERA Public Registry,2026-10-03 17:09:30
🏠 Purchase Property,prop_goa_3,Veera Group Casa Paradiso,Goa,Assagao & Vagator Luxury Enclave,₹2.99 Cr,₹16800/sqft,24,Zero Submergence (Elevated Plateau),Piped (300 ppm),15 km to City Center,Assagao Heritage Conservation Corridor & Boutique Hospitality Zone,✅ Validated,Veera Developers,,Goa RERA Filings,2026-10-03 17:09:30
🏠 Purchase Property,prop_goa_4,Tata Rio De Goa Residences,Goa,Dabolim Aerotropolis & Zuari Riverfront,₹0.94 Cr,₹8200/sqft,42,Zero Submergence (Plateau Cliff Top),Piped (300 ppm),15 km to City Center,Zuari Bridge Expressway & Dabolim Airport Transit Corridor,✅ Validated,Tata Housing,,Tata Housing Official Portal,2026-10-03 17:09:30
🏠 Purchase Property,prop_pun_2,Hero Homes Mohali Sector 88,Punjab & Haryana,Mohali Aerocity & IT City Hub,₹1.24 Cr,₹7500/sqft,312,Zero Submergence (GMADA Planned Underground Storm Network),Piped (300 ppm),15 km to City Center,Chandigarh Tri-City Metro Master Plan & GMADA Aerocity Commercial Spine,✅ Validated,Hero Realty,,Punjab RERA Official Registry,2026-10-03 17:09:30
🏠 Purchase Property,prop_pun_3,Omaxe Royal Residency Ludhiana,Punjab & Haryana,Ludhiana South & Pakhowal Road Corridor,₹1.13 Cr,₹6200/sqft,248,Zero Submergence (Elevated Alluvial Plain),Piped (300 ppm),15 km to City Center,Ludhiana Southern Bypass Expressway & Delhi-Amritsar-Katra Expressway Feeder,✅ Validated,Omaxe Limited,,Punjab RERA Official Portal,2026-10-03 17:09:30
🏠 Purchase Property,prop_pun_4,Emaar The Views Mohali Sector 105,Punjab & Haryana,Mohali Aerocity & IT City Hub,₹1.38 Cr,₹7900/sqft,315,Zero Submergence (High Ridge Contour),Piped (300 ppm),15 km to City Center,Mohali International Airport Road 6-Lane Expressway & Infosys Campus,✅ Validated,Emaar India,,Emaar India RERA Portal,2026-10-03 17:09:30
🏠 Purchase Property,prop_var_4,Roma Golf View Residences,Varanasi (Kashi / Banaras),Shivpur & Cantt Elevated Ridge,₹1.04 Cr,₹6400/sqft,84,Zero Submergence (Elevated Alluvial Ridge),Piped (300 ppm),15 km to City Center,Varanasi Ring Road Phase 2 & Kashi Airport High-Speed Corridor,✅ Validated,Roma Builders,,UP RERA Official Portal,2026-10-03 17:09:30
🏠 Purchase Property,prop_lko_3,Eldeco Twin Towers,Lucknow,Gomti Nagar Extension & Shaheed Path,₹1.39 Cr,₹8100/sqft,125,Zero Submergence (Engineered High-Plinth Base),Piped (300 ppm),15 km to City Center,Ekana IT City & Lucknow Metro East-West Line Extension,✅ Validated,Eldeco Group,,UP RERA Project Registry,2026-10-03 17:09:30
📐 Gated Community Plot,plot_blr_1,Prestige Great Acres,Bengaluru,"The Prestige City, Sarjapur Road",₹₹133.5 Lakhs - ₹356.0 Lakhs L,₹8900/sqft,896,Zero Flood Risk,Potable < 300 ppm,20 km to City Center,Satellite Ring Road,✅ Sanction Cleared,Prestige Group,,BMRDA & RERA Approved (PRM/KA/RERA/1251/308/PR/210824/004289) Layout Sanction Registry | Town Planning & Revenue Land Survey Map | State Highway / NHAI Alignment Master Plan,2026-10-03 17:09:30
📐 Gated Community Plot,plot_blr_2,Brigade Oasis,Bengaluru,Devanahalli - Airport Corridor,₹₹76.8 Lakhs - ₹204.8 Lakhs L,₹6400/sqft,925,Zero Flood Risk,Potable < 300 ppm,20 km to City Center,Satellite Ring Road,✅ Sanction Cleared,Brigade Group,,BIAAPA & RERA Approved Layout Sanction Registry | Town Planning & Revenue Land Survey Map | State Highway / NHAI Alignment Master Plan,2026-10-03 17:09:30
📐 Gated Community Plot,plot_blr_3,Sobha Oakshire,Bengaluru,IVC Road - Devanahalli,₹₹140.4 Lakhs - ₹273.0 Lakhs L,₹7800/sqft,918,Zero Flood Risk,Potable < 300 ppm,20 km to City Center,Satellite Ring Road,✅ Sanction Cleared,Sobha Limited,,BIAAPA Approved & Karnataka RERA Registered Layout Sanction Registry | Town Planning & Revenue Land Survey Map | State Highway / NHAI Alignment Master Plan,2026-10-03 17:09:30
📐 Gated Community Plot,plot_mum_1,Hiranandani Fortune City Plotted Enclave,Mumbai & MMR,Panvel - Bhokarpada MMR,₹₹165.6 Lakhs - ₹414.0 Lakhs L,₹9200/sqft,35,Zero Flood Risk,Potable < 300 ppm,20 km to City Center,Satellite Ring Road,✅ Sanction Cleared,Hiranandani Communities,,CIDCO / NA Permission / MahaRERA Approved Layout Sanction Registry | Town Planning & Revenue Land Survey Map | State Highway / NHAI Alignment Master Plan,2026-10-03 17:09:30
📐 Gated Community Plot,plot_mum_2,Godrej Woodland Plotted County,Mumbai & MMR,Khalapur - Mumbai-Pune Expressway,₹₹72.0 Lakhs - ₹168.0 Lakhs L,₹4800/sqft,62,Zero Flood Risk,Potable < 300 ppm,20 km to City Center,Satellite Ring Road,✅ Sanction Cleared,Godrej Properties,,MahaRERA & Town Planning Sanctioned Layout Sanction Registry | Town Planning & Revenue Land Survey Map | State Highway / NHAI Alignment Master Plan,2026-10-03 17:09:30
📐 Gated Community Plot,plot_mum_3,Lodha Codename Golden Sunrise,Mumbai & MMR,Dombivli East - Palava Smart City,₹₹78.0 Lakhs - ₹162.5 Lakhs L,₹6500/sqft,24,Zero Flood Risk,Potable < 300 ppm,20 km to City Center,Satellite Ring Road,✅ Sanction Cleared,Lodha / Macrotech,,MahaRERA Registered & KDMC Sanctioned Layout Sanction Registry | Town Planning & Revenue Land Survey Map | State Highway / NHAI Alignment Master Plan,2026-10-03 17:09:30
📐 Gated Community Plot,plot_chn_1,TVS Emerald Hamlet,Chennai,Karapakkam - OMR IT Corridor,₹₹90.0 Lakhs - ₹225.0 Lakhs L,₹7500/sqft,14,Zero Flood Risk,Potable < 300 ppm,20 km to City Center,Satellite Ring Road,✅ Sanction Cleared,TVS Emerald,,CMDA & TNRERA Approved Layout Sanction Registry | Town Planning & Revenue Land Survey Map | State Highway / NHAI Alignment Master Plan,2026-10-03 17:09:30
📐 Gated Community Plot,plot_chn_2,Casagrand Platinum Gated Plots,Chennai,Perungalathur - GST Road,₹₹57.6 Lakhs - ₹115.2 Lakhs L,₹4800/sqft,22,Zero Flood Risk,Potable < 300 ppm,20 km to City Center,Satellite Ring Road,✅ Sanction Cleared,Casagrand Builder,,CMDA Approved & TNRERA Registered Layout Sanction Registry | Town Planning & Revenue Land Survey Map | State Highway / NHAI Alignment Master Plan,2026-10-03 17:09:30
📐 Gated Community Plot,plot_chn_3,Purva Raagam Plotted Haven,Chennai,Thirumazhisai - Bangalore Highway NH-48,₹₹50.4 Lakhs - ₹134.4 Lakhs L,₹4200/sqft,28,Zero Flood Risk,Potable < 300 ppm,20 km to City Center,Satellite Ring Road,✅ Sanction Cleared,Puravankara Limited,,CMDA Sanctioned & TNRERA Approved Layout Sanction Registry | Town Planning & Revenue Land Survey Map | State Highway / NHAI Alignment Master Plan,2026-10-03 17:09:30
📐 Gated Community Plot,plot_del_1,DLF Alameda Plots,Delhi-NCR,"Sector 73, Southern Peripheral Road, Gurugram","₹₹789.7 Lakhs - ₹1,755.0 Lakhs L",₹19500/sqft,232,Zero Flood Risk,Potable < 300 ppm,20 km to City Center,Satellite Ring Road,✅ Sanction Cleared,DLF Limited,,DTCP Haryana Licenced Colony & HARERA Registered Layout Sanction Registry | Town Planning & Revenue Land Survey Map | State Highway / NHAI Alignment Master Plan,2026-10-03 17:09:30
📐 Gated Community Plot,plot_del_2,Signature Global Park Plots,Delhi-NCR,Sector 36 Sohna - South of Gurugram,₹₹88.5 Lakhs - ₹184.5 Lakhs L,₹8200/sqft,248,Zero Flood Risk,Potable < 300 ppm,20 km to City Center,Satellite Ring Road,✅ Sanction Cleared,Signature Global,,DTCP Deen Dayal Jan Awas Yojna (DDJAY) & HARERA Layout Sanction Registry | Town Planning & Revenue Land Survey Map | State Highway / NHAI Alignment Master Plan,2026-10-03 17:09:30
📐 Gated Community Plot,plot_del_3,Godrej Palm Retreat Plotted Enclave,Delhi-NCR,Sector 150 - Noida Expressway,₹₹255.6 Lakhs - ₹639.0 Lakhs L,₹14200/sqft,205,Zero Flood Risk,Potable < 300 ppm,20 km to City Center,Satellite Ring Road,✅ Sanction Cleared,Godrej Properties,,Noida Authority Sanctioned & UP RERA Registered Layout Sanction Registry | Town Planning & Revenue Land Survey Map | State Highway / NHAI Alignment Master Plan,2026-10-03 17:09:30
📐 Gated Community Plot,plot_hyd_1,My Home Ankura Plotted Enclave,Hyderabad,Tellapur - Financial District Extn,₹₹235.2 Lakhs - ₹470.4 Lakhs L,₹9800/sqft,574,Zero Flood Risk,Potable < 300 ppm,20 km to City Center,Satellite Ring Road,✅ Sanction Cleared,My Home Group,,HMDA & TSRERA Registered Layout Sanction Registry | Town Planning & Revenue Land Survey Map | State Highway / NHAI Alignment Master Plan,2026-10-03 17:09:30
📐 Gated Community Plot,plot_hyd_2,Aparna Dharti Gated Plots,Hyderabad,Dundigal - ORR Exit 5,₹₹93.6 Lakhs - ₹187.2 Lakhs L,₹5200/sqft,598,Zero Flood Risk,Potable < 300 ppm,20 km to City Center,Satellite Ring Road,✅ Sanction Cleared,Aparna Constructions,,HMDA & TSRERA Registered Layout Sanction Registry | Town Planning & Revenue Land Survey Map | State Highway / NHAI Alignment Master Plan,2026-10-03 17:09:30
📐 Gated Community Plot,plot_hyd_3,Rajapushpa Green Dale Plots,Hyderabad,Tellapur - Osmansagar Ridge,₹₹283.5 Lakhs - ₹567.0 Lakhs L,₹10500/sqft,568,Zero Flood Risk,Potable < 300 ppm,20 km to City Center,Satellite Ring Road,✅ Sanction Cleared,Rajapushpa Properties,,HMDA Approved Layout & TSRERA Layout Sanction Registry | Town Planning & Revenue Land Survey Map | State Highway / NHAI Alignment Master Plan,2026-10-03 17:09:30
📐 Gated Community Plot,plot_vns_1,Eldeco Shaurya Gated Plots,Varanasi & Eastern UP 100km Corridor,"Varanasi-Lucknow NH-56 Highway, Shivpur Extn",₹₹60.7 Lakhs - ₹162.0 Lakhs L,₹4500/sqft,88,Zero Flood Risk,Potable < 300 ppm,20 km to City Center,Satellite Ring Road,✅ Sanction Cleared,Eldeco Group,,VDA (Varanasi Development Authority) Sanctioned & UP RERA Registered Layout Sanction Registry | Town Planning & Revenue Land Survey Map | State Highway / NHAI Alignment Master Plan,2026-10-03 17:09:30
📐 Gated Community Plot,plot_vns_2,PDA Sangam Vihar Gated Plotted Scheme,Varanasi & Eastern UP 100km Corridor,"Civil Lines Extn - Jhalwa Elevated Sector, Prayagraj",₹₹86.4 Lakhs - ₹216.0 Lakhs L,₹4800/sqft,102,Zero Flood Risk,Potable < 300 ppm,20 km to City Center,Satellite Ring Road,✅ Sanction Cleared,Prayagraj Development Authority (PDA),,PDA Statutory Government Scheme & Freehold Registry Layout Sanction Registry | Town Planning & Revenue Land Survey Map | State Highway / NHAI Alignment Master Plan,2026-10-03 17:09:30
📐 Gated Community Plot,plot_vns_3,Mirzapur Vindhya Enclave Gated Plots,Varanasi & Eastern UP 100km Corridor,"Vindhyachal Corridor Highway NH-135, Mirzapur",₹₹48.0 Lakhs - ₹96.0 Lakhs L,₹3200/sqft,94,Zero Flood Risk,Potable < 300 ppm,20 km to City Center,Satellite Ring Road,✅ Sanction Cleared,Roma Builders & Promoters,,VDA & UP RERA Registered Layout Sanction Registry | Town Planning & Revenue Land Survey Map | State Highway / NHAI Alignment Master Plan,2026-10-03 17:09:30
📐 Gated Community Plot,plot_goa_1,Tata Rio De Goa Plotted Enclave,Goa,Dabolim - Zuari River Scenic Valley,₹₹1.15 Cr L,₹4800/sqft,35,Zero Flood Risk,Potable < 300 ppm,20 km to City Center,Satellite Ring Road,✅ Sanction Cleared,Tata Housing Development Company,,DTCP / Town Planning,2026-10-03 17:09:30
📐 Gated Community Plot,plot_pb_1,AIPL DreamCity Plotted Agro-Park,Punjab & Haryana,"GT Road, Khanna - Ludhiana Belt",₹₹69.75 L L,₹3100/sqft,255,Zero Flood Risk,Potable < 300 ppm,20 km to City Center,Satellite Ring Road,✅ Sanction Cleared,AIPL (Advance India Projects Limited),,DTCP / Town Planning,2026-10-03 17:09:30
📐 Gated Community Plot,plot_lko_1,Omaxe Metro City Plotted Township,Lucknow,Raebareli Road - Shaheed Path Node,₹86.4 L,₹4800/sqft,123,Zero Flood Risk,Potable < 300 ppm,20 km to City Center,Satellite Ring Road,✅ Sanction Cleared,Omaxe Limited,,LDA & UP RERA Public Portal,2026-10-03 17:09:30
📐 Gated Community Plot,plot_goa_2,Adwalpalkar Horizon Hillside Plotted Enclave,Goa,"Porvorim - Alto Guirim Ridge, North Goa",₹156.0 L,₹6500/sqft,48,Zero Flood Risk,Potable < 300 ppm,20 km to City Center,Satellite Ring Road,✅ Sanction Cleared,Adwalpalkar Constructions,,Goa RERA & NGPDA Approved Master Plan,2026-10-03 17:09:30
📐 Gated Community Plot,plot_goa_3,Saldanha Sunshine Gated Coconut Grove Estates,Goa,"Aldona Heritage Riverfront Belt, North Goa",₹156.0 L,₹5200/sqft,26,Zero Flood Risk,Potable < 300 ppm,20 km to City Center,Satellite Ring Road,✅ Sanction Cleared,Saldanha Developers,,Goa TCP Registry,2026-10-03 17:09:30
📐 Gated Community Plot,plot_pun_2,TDI City Mohali Sector 118 Gated Enclave,Punjab & Haryana,"Sector 118, Mohali Airport Road Expressway",₹97.2 L,₹5400/sqft,314,Zero Flood Risk,Potable < 300 ppm,20 km to City Center,Satellite Ring Road,✅ Sanction Cleared,TDI Infratech,,GMADA & Punjab RERA Registry,2026-10-03 17:09:30
📐 Gated Community Plot,plot_pun_3,Eldeco Estate One Ludhiana GT Road,Punjab & Haryana,"GT Road (NH-44), Ludhiana",₹101.25 L,₹4500/sqft,250,Zero Flood Risk,Potable < 300 ppm,20 km to City Center,Satellite Ring Road,✅ Sanction Cleared,Eldeco Group,,GLADA & Punjab RERA,2026-10-03 17:09:30
📐 Gated Community Plot,plot_var_4,Kashi Smart Plotted City (Babatpur Airport Road),Varanasi (Kashi / Banaras),"Babatpur Airport Expressway, Varanasi",₹57.0 L,₹3800/sqft,88,Zero Flood Risk,Potable < 300 ppm,20 km to City Center,Satellite Ring Road,✅ Sanction Cleared,UP Awas Vikas & VDA Approved JV,,VDA & UP RERA Public Registry,2026-10-03 17:09:30
📐 Gated Community Plot,plot_lko_2,Eldeco County Gated Plotted Township,Lucknow,"Kisan Path Outer Ring Road Junction, Lucknow",₹61.2 L,₹3400/sqft,122,Zero Flood Risk,Potable < 300 ppm,20 km to City Center,Satellite Ring Road,✅ Sanction Cleared,Eldeco Group,,LDA & UP RERA Public Registry,2026-10-03 17:09:30
🔑 Rental Property,rent_blr_1,Sobha Iris,Bengaluru,Outer Ring Road - Devarabisanahalli,"₹82,000/mo",4.2% Net Yield,N/A (Multi-storey),0 days flood closure,Municipal Piped,400m to Transit Hub,Active High-Yield Tech Corridor,✅ Verified Tenant Viability,Sobha Limited,,Verified RWA & Lease Registry,2026-10-03 17:09:30
🔑 Rental Property,rent_blr_2,Prestige Ivy Terraces,Bengaluru,Kadubeesanahalli - Bellandur East,"₹76,000/mo",4.2% Net Yield,N/A (Multi-storey),0 days flood closure,Municipal Piped,400m to Transit Hub,Active High-Yield Tech Corridor,✅ Verified Tenant Viability,Prestige Group,,Verified RWA & Lease Registry,2026-10-03 17:09:30
🔑 Rental Property,rent_blr_3,Assetz Marq 3.0,Bengaluru,Whitefield - Kannamangala,"₹65,000/mo",4.2% Net Yield,N/A (Multi-storey),0 days flood closure,Municipal Piped,400m to Transit Hub,Active High-Yield Tech Corridor,✅ Verified Tenant Viability,Assetz Property Group,,Verified RWA & Lease Registry,2026-10-03 17:09:30
🔑 Rental Property,rent_mum_1,L&T Emerald Isle,Mumbai & MMR,Powai - JVLR,"₹78,000/mo",4.2% Net Yield,N/A (Multi-storey),0 days flood closure,Municipal Piped,400m to Transit Hub,Active High-Yield Tech Corridor,✅ Verified Tenant Viability,L&T Realty,,Verified RWA & Lease Registry,2026-10-03 17:09:30
🔑 Rental Property,rent_mum_2,Rustomjee Urbania,Mumbai & MMR,Majiwada - Thane West,"₹42,000/mo",4.2% Net Yield,N/A (Multi-storey),0 days flood closure,Municipal Piped,400m to Transit Hub,Active High-Yield Tech Corridor,✅ Verified Tenant Viability,Rustomjee,,Verified RWA & Lease Registry,2026-10-03 17:09:30
🔑 Rental Property,rent_mum_3,Hiranandani Estate Rodas Enclave,Mumbai & MMR,Ghopbunder Road - Thane,"₹62,000/mo",4.2% Net Yield,N/A (Multi-storey),0 days flood closure,Municipal Piped,400m to Transit Hub,Active High-Yield Tech Corridor,✅ Verified Tenant Viability,Hiranandani Group,,Verified RWA & Lease Registry,2026-10-03 17:09:30
🔑 Rental Property,rent_chn_1,Appaswamy Altezza,Chennai,OMR - Kottivakkam,"₹65,000/mo",4.2% Net Yield,N/A (Multi-storey),0 days flood closure,Municipal Piped,400m to Transit Hub,Active High-Yield Tech Corridor,✅ Verified Tenant Viability,Appaswamy Real Estates,,Verified RWA & Lease Registry,2026-10-03 17:09:30
🔑 Rental Property,rent_chn_2,Olympia Opaline,Chennai,Navalur - Siruseri SIPCOT,"₹40,000/mo",4.2% Net Yield,N/A (Multi-storey),0 days flood closure,Municipal Piped,400m to Transit Hub,Active High-Yield Tech Corridor,✅ Verified Tenant Viability,Olympia Group,,Verified RWA & Lease Registry,2026-10-03 17:09:30
🔑 Rental Property,rent_chn_3,TVS Emerald Peninsula,Chennai,Manapakkam - Porur,"₹50,000/mo",4.2% Net Yield,N/A (Multi-storey),0 days flood closure,Municipal Piped,400m to Transit Hub,Active High-Yield Tech Corridor,✅ Verified Tenant Viability,TVS Emerald,,Verified RWA & Lease Registry,2026-10-03 17:09:30
🔑 Rental Property,rent_del_1,Tata Primanti,Delhi-NCR,Southern Peripheral Road - Sec 72 Gurugram,"₹78,000/mo",4.2% Net Yield,N/A (Multi-storey),0 days flood closure,Municipal Piped,400m to Transit Hub,Active High-Yield Tech Corridor,✅ Verified Tenant Viability,Tata Housing,,Verified RWA & Lease Registry,2026-10-03 17:09:30
🔑 Rental Property,rent_del_2,Godrej Woods,Delhi-NCR,Sector 43 - Central Noida,"₹72,000/mo",4.2% Net Yield,N/A (Multi-storey),0 days flood closure,Municipal Piped,400m to Transit Hub,Active High-Yield Tech Corridor,✅ Verified Tenant Viability,Godrej Properties,,Verified RWA & Lease Registry,2026-10-03 17:09:30
🔑 Rental Property,rent_del_3,Mahagun Moderne,Delhi-NCR,Sector 78 - Central Noida,"₹48,000/mo",4.2% Net Yield,N/A (Multi-storey),0 days flood closure,Municipal Piped,400m to Transit Hub,Active High-Yield Tech Corridor,✅ Verified Tenant Viability,Mahagun Group,,Verified RWA & Lease Registry,2026-10-03 17:09:30
🔑 Rental Property,rent_hyd_1,Aparna Serene Park,Hyderabad,Gachibowli - Kondapur,"₹62,000/mo",4.2% Net Yield,N/A (Multi-storey),0 days flood closure,Municipal Piped,400m to Transit Hub,Active High-Yield Tech Corridor,✅ Verified Tenant Viability,Aparna Constructions,,Verified RWA & Lease Registry,2026-10-03 17:09:30
🔑 Rental Property,rent_hyd_2,Rajapushpa Provincia,Hyderabad,Narsingi - Financial District,"₹68,000/mo",4.2% Net Yield,N/A (Multi-storey),0 days flood closure,Municipal Piped,400m to Transit Hub,Active High-Yield Tech Corridor,✅ Verified Tenant Viability,Rajapushpa Properties,,Verified RWA & Lease Registry,2026-10-03 17:09:30
🔑 Rental Property,rent_hyd_3,My Home Avatar,Hyderabad,Puppalaguda - Financial District,"₹64,000/mo",4.2% Net Yield,N/A (Multi-storey),0 days flood closure,Municipal Piped,400m to Transit Hub,Active High-Yield Tech Corridor,✅ Verified Tenant Viability,My Home Group,,Verified RWA & Lease Registry,2026-10-03 17:09:30
🔑 Rental Property,rent_vns_1,Eldeco Anandam Residency,Varanasi & Eastern UP 100km Corridor,Civil Lines - Prayagraj,"₹34,000/mo",4.2% Net Yield,N/A (Multi-storey),0 days flood closure,Municipal Piped,400m to Transit Hub,Active High-Yield Tech Corridor,✅ Verified Tenant Viability,Eldeco Group,,Verified RWA & Lease Registry,2026-10-03 17:09:30
🔑 Rental Property,rent_vns_2,Kashi Smart City Towers,Varanasi & Eastern UP 100km Corridor,Shivpur - Cantt Varanasi,"₹28,000/mo",4.2% Net Yield,N/A (Multi-storey),0 days flood closure,Municipal Piped,400m to Transit Hub,Active High-Yield Tech Corridor,✅ Verified Tenant Viability,Kashi Infra Developers,,Verified RWA & Lease Registry,2026-10-03 17:09:30
🔑 Rental Property,rent_vns_3,Sangam Vihar Residency,Varanasi & Eastern UP 100km Corridor,Jhalwa - IT Park Prayagraj,"₹25,000/mo",4.2% Net Yield,N/A (Multi-storey),0 days flood closure,Municipal Piped,400m to Transit Hub,Active High-Yield Tech Corridor,✅ Verified Tenant Viability,Omaxe Limited,,Verified RWA & Lease Registry,2026-10-03 17:09:30
🔑 Rental Property,rent_goa_1,Assagao Heritage Portuguese Pool Villa,Goa,Assagao & Anjuna Plateau,"₹165,000/mo",4.2% Net Yield,N/A (Multi-storey),0 days flood closure,Municipal Piped,400m to Transit Hub,Active High-Yield Tech Corridor,✅ Verified Tenant Viability,Vianaar Homes,,Verified RWA & Lease Registry,2026-10-03 17:09:30
🔑 Rental Property,rent_pb_1,Omaxe Royal Residency Executive Suite,Punjab & Haryana,Ludhiana South & Pakhowal Agro-Belt,"₹38,000/mo",4.2% Net Yield,N/A (Multi-storey),0 days flood closure,Municipal Piped,400m to Transit Hub,Active High-Yield Tech Corridor,✅ Verified Tenant Viability,Omaxe Limited,,Verified RWA & Lease Registry,2026-10-03 17:09:30
🔑 Rental Property,rent_lko_1,Shalimar OneWorld Belvedere Suite,Lucknow,Gomti Nagar Extension & Shaheed Path,"₹42,000/mo",4.2% Net Yield,N/A (Multi-storey),0 days flood closure,Municipal Piped,400m to Transit Hub,Active High-Yield Tech Corridor,✅ Verified Tenant Viability,Shalimar Corp,,Verified RWA & Lease Registry,2026-10-03 17:09:30
🔑 Rental Property,rent_goa_2,Villa Sol Assagao Heritage Luxury Duplex,Goa,Assagao & Vagator Luxury Enclave,"₹110,000/mo",4.2% Net Yield,N/A (Multi-storey),0 days flood closure,Municipal Piped,400m to Transit Hub,Active High-Yield Tech Corridor,✅ Verified Tenant Viability,Independent Private Landlord,,Verified RWA & Lease Registry,2026-10-03 17:09:30
🔑 Rental Property,rent_pun_2,Hero Homes Executive 3BHK Suite Mohali,Punjab & Haryana,Mohali Aerocity & IT City Hub,"₹36,000/mo",4.2% Net Yield,N/A (Multi-storey),0 days flood closure,Municipal Piped,400m to Transit Hub,Active High-Yield Tech Corridor,✅ Verified Tenant Viability,Hero Realty,,Verified RWA & Lease Registry,2026-10-03 17:09:30
🔑 Rental Property,rent_var_4,Shivpur Highway Residency 3BHK Suite,Varanasi (Kashi / Banaras),Shivpur & Cantt Elevated Ridge,"₹28,000/mo",4.2% Net Yield,N/A (Multi-storey),0 days flood closure,Municipal Piped,400m to Transit Hub,Active High-Yield Tech Corridor,✅ Verified Tenant Viability,Mahaveer Developers,,Verified RWA & Lease Registry,2026-10-03 17:09:30
🔑 Rental Property,rent_lko_2,Rishita Mulberry Heights 3BHK Golf-Facing,Lucknow,Sushant Golf City & Amar Shaheed Path,"₹32,000/mo",4.2% Net Yield,N/A (Multi-storey),0 days flood closure,Municipal Piped,400m to Transit Hub,Active High-Yield Tech Corridor,✅ Verified Tenant Viability,Rishita Developers,,Verified RWA & Lease Registry,2026-10-03 17:09:30
🌾 Verified Farmland,farm_blr_1,Kanakapura Valley Avocado & Sandalwood Estate,Bengaluru,"Harohalli - Maralawadi Road, Kanakapura Taluk",₹2.0 Cr (5 Acres),₹58.0 L/Acre,Natural Agricultural Gradient,Natural Agricultural Drainage,Sweet Aquifer (290 ppm) + 2 Borewells,30 ft road access,Greenfield Agro Expressway / Logistics Belt,✅ Soil & Title Cleared,Anand Gowda (Direct Landowner) (+91 98452 11098),,30-Year Revenue Title RTC / 7-12,2026-10-03 17:09:30
🌾 Verified Farmland,farm_blr_2,Ramanagara Silk-Route Managed Farmland,Bengaluru,"Kootagal Hobli, Ramanagara (Bengaluru-Mysuru Expressway belt)",₹2.0 Cr (5 Acres),₹72.0 L/Acre,Natural Agricultural Gradient,Natural Agricultural Drainage,Sweet Aquifer (260 ppm) + 2 Borewells,30 ft road access,Greenfield Agro Expressway / Logistics Belt,✅ Soil & Title Cleared,Hosachiguru Agro Advisors (Managed Farms) (+91 80471 89200),,30-Year Revenue Title RTC / 7-12,2026-10-03 17:09:30
🌾 Verified Farmland,farm_blr_3,Doddaballapura - Makali Organic Orchard,Bengaluru,"Tubagere Hobli, Doddaballapura Taluk (STRR Growth Belt)",₹2.0 Cr (5 Acres),₹65.0 L/Acre,Natural Agricultural Gradient,Natural Agricultural Drainage,Sweet Aquifer (310 ppm) + 2 Borewells,30 ft road access,Greenfield Agro Expressway / Logistics Belt,✅ Soil & Title Cleared,C. Suresh (Certified Rural Agro-Realty Advisor) (+91 97412 33455),,30-Year Revenue Title RTC / 7-12,2026-10-03 17:09:30
🌾 Verified Farmland,farm_blr_4,Chikkaballapur Dragon Fruit & Fig Agro-Ranch,Bengaluru,"Near Nandi Foothills / Peresandra Road, Chikkaballapur",₹2.0 Cr (5 Acres),₹48.0 L/Acre,Natural Agricultural Gradient,Natural Agricultural Drainage,Sweet Aquifer (340 ppm) + 2 Borewells,30 ft road access,Greenfield Agro Expressway / Logistics Belt,✅ Soil & Title Cleared,Manjunath Reddy (Direct Owner) (+91 94480 67123),,30-Year Revenue Title RTC / 7-12,2026-10-03 17:09:30
🌾 Verified Farmland,farm_mum_1,Karjat Riverside Alphonso & Mahogany Farm,Mumbai & MMR,"Pej River Valley, Karjat East, Raigad District",₹2.0 Cr (5 Acres),₹85.0 L/Acre,Natural Agricultural Gradient,Natural Agricultural Drainage,Sweet Aquifer (180 ppm) + 2 Borewells,30 ft road access,Greenfield Agro Expressway / Logistics Belt,✅ Soil & Title Cleared,Santosh Deshmukh (Direct Landowner) (+91 98203 77412),,30-Year Revenue Title RTC / 7-12,2026-10-03 17:09:30
🌾 Verified Farmland,farm_mum_2,Shahapur Natural Spring & Spices Agro-Estate,Mumbai & MMR,"Bhatsa Dam Catchment, Shahapur Taluk, Thane District",₹2.0 Cr (5 Acres),₹45.0 L/Acre,Natural Agricultural Gradient,Natural Agricultural Drainage,Sweet Aquifer (140 ppm) + 2 Borewells,30 ft road access,Greenfield Agro Expressway / Logistics Belt,✅ Soil & Title Cleared,Shrikant Kulkarni (Sahyadri Agro Realty) (+91 98190 22345),,30-Year Revenue Title RTC / 7-12,2026-10-03 17:09:30
🌾 Verified Farmland,farm_mum_3,Alibaug Coastal Organic Coconut & Exotic Citrus Orchard,Mumbai & MMR,"Poynad - Awas Road, Alibaug Taluk, Raigad",₹2.0 Cr (5 Acres),₹140.0 L/Acre,Natural Agricultural Gradient,Natural Agricultural Drainage,Sweet Aquifer (210 ppm) + 2 Borewells,30 ft road access,Greenfield Agro Expressway / Logistics Belt,✅ Soil & Title Cleared,Coastal Agro Retreats (Devendra Mehta) (+91 98211 88900),,30-Year Revenue Title RTC / 7-12,2026-10-03 17:09:30
🌾 Verified Farmland,farm_mum_4,Wada High-Yield Wada Kolam & Teak Agro-Park,Mumbai & MMR,"Vaitarna River Basin, Wada, Palghar District",₹2.0 Cr (5 Acres),₹38.0 L/Acre,Natural Agricultural Gradient,Natural Agricultural Drainage,Sweet Aquifer (240 ppm) + 2 Borewells,30 ft road access,Greenfield Agro Expressway / Logistics Belt,✅ Soil & Title Cleared,Balaram Patil (Direct Farmer) (+91 97654 32190),,30-Year Revenue Title RTC / 7-12,2026-10-03 17:09:30
🌾 Verified Farmland,farm_che_1,Chengalpattu Palar Basin Organic Mango & Teak Farm,Chennai,"Near Vedanthangal / Palar River Basin, Chengalpattu District",₹2.0 Cr (5 Acres),₹42.0 L/Acre,Natural Agricultural Gradient,Natural Agricultural Drainage,Sweet Aquifer (270 ppm) + 2 Borewells,30 ft road access,Greenfield Agro Expressway / Logistics Belt,✅ Soil & Title Cleared,Senthil Nathan (Direct Farmer) (+91 98401 55670),,30-Year Revenue Title RTC / 7-12,2026-10-03 17:09:30
🌾 Verified Farmland,farm_che_2,Kanchipuram Heritage Silk & Agroforestry Estate,Chennai,Walajabad - Kanchipuram Agro Belt,₹2.0 Cr (5 Acres),₹55.0 L/Acre,Natural Agricultural Gradient,Natural Agricultural Drainage,Sweet Aquifer (290 ppm) + 2 Borewells,30 ft road access,Greenfield Agro Expressway / Logistics Belt,✅ Soil & Title Cleared,K. V. Raghavan (Tamil Agro Realty Advisory) (+91 97908 44211),,30-Year Revenue Title RTC / 7-12,2026-10-03 17:09:30
🌾 Verified Farmland,farm_che_3,Tiruvallur Agro-Haven Dragon Fruit & Hydroponic Farm,Chennai,"Near Poondi Reservoir Catchment, Tiruvallur District",₹2.0 Cr (5 Acres),₹60.0 L/Acre,Natural Agricultural Gradient,Natural Agricultural Drainage,Sweet Aquifer (220 ppm) + 2 Borewells,30 ft road access,Greenfield Agro Expressway / Logistics Belt,✅ Soil & Title Cleared,Green Harvest Agro (P. Murugan) (+91 98840 99812),,30-Year Revenue Title RTC / 7-12,2026-10-03 17:09:30
🌾 Verified Farmland,farm_che_4,"ECR Coastal Coconut, Fig & Casuarina Agro-Retreat",Chennai,"Cheyyur - Marakkanam Scenic Coastal Agro Belt, ECR",₹2.0 Cr (5 Acres),₹95.0 L/Acre,Natural Agricultural Gradient,Natural Agricultural Drainage,Sweet Aquifer (230 ppm) + 2 Borewells,30 ft road access,Greenfield Agro Expressway / Logistics Belt,✅ Soil & Title Cleared,Dr. V. Rajendran (Direct Landowner) (+91 94440 12890),,30-Year Revenue Title RTC / 7-12,2026-10-03 17:09:30
🌾 Verified Farmland,farm_del_1,Sohna-Tauru Aravalli Foothills Dragon Fruit & Avocado Estate,Delhi-NCR,"Tauru Road, Aravalli Foothills, Gurugram Outskirts",₹2.0 Cr (5 Acres),₹95.0 L/Acre,Natural Agricultural Gradient,Natural Agricultural Drainage,Sweet Aquifer (310 ppm) + 2 Borewells,30 ft road access,Greenfield Agro Expressway / Logistics Belt,✅ Soil & Title Cleared,Rao Virender Singh (Direct Landowner) (+91 98112 44321),,30-Year Revenue Title RTC / 7-12,2026-10-03 17:09:30
🌾 Verified Farmland,farm_del_2,Jewar Greenfield Aerotropolis Agro-Orchard,Delhi-NCR,"Near Yamuna Expressway Service Road, Jewar Airport Belt",₹2.0 Cr (5 Acres),₹75.0 L/Acre,Natural Agricultural Gradient,Natural Agricultural Drainage,Sweet Aquifer (280 ppm) + 2 Borewells,30 ft road access,Greenfield Agro Expressway / Logistics Belt,✅ Soil & Title Cleared,NCR Agro Land Bankers (Sunil Tyagi) (+91 99100 87654),,30-Year Revenue Title RTC / 7-12,2026-10-03 17:09:30
🌾 Verified Farmland,farm_del_3,Greater Noida West Eco-Farming & Hydroponic Greenhouse,Delhi-NCR,"Dadri - Tilpata Agro Corridor, Greater Noida West",₹2.0 Cr (5 Acres),₹120.0 L/Acre,Natural Agricultural Gradient,Natural Agricultural Drainage,Sweet Aquifer (290 ppm) + 2 Borewells,30 ft road access,Greenfield Agro Expressway / Logistics Belt,✅ Soil & Title Cleared,Urban Kisan NCR (Deepak Sharma) (+91 98101 23499),,30-Year Revenue Title RTC / 7-12,2026-10-03 17:09:30
🌾 Verified Farmland,farm_del_4,Sonipat Murthal Organic Basmati & Dairy-Agro Estate,Delhi-NCR,"Near Western Yamuna Canal Belt, Murthal, Sonipat",₹2.0 Cr (5 Acres),₹80.0 L/Acre,Natural Agricultural Gradient,Natural Agricultural Drainage,Sweet Aquifer (240 ppm) + 2 Borewells,30 ft road access,Greenfield Agro Expressway / Logistics Belt,✅ Soil & Title Cleared,Chaudhry Hawa Singh (Direct Farmer) (+91 98960 77123),,30-Year Revenue Title RTC / 7-12,2026-10-03 17:09:30
🌾 Verified Farmland,farm_hyd_1,Shankarpally Red Soil Avocado & Sandalwood Agro-Park,Hyderabad,"Shankarpally - Chevella Agro Belt, Ranga Reddy District",₹2.0 Cr (5 Acres),₹78.0 L/Acre,Natural Agricultural Gradient,Natural Agricultural Drainage,Sweet Aquifer (280 ppm) + 2 Borewells,30 ft road access,Greenfield Agro Expressway / Logistics Belt,✅ Soil & Title Cleared,Deccan Agrofarms (R. K. Varma) (+91 98490 66789),,30-Year Revenue Title RTC / 7-12,2026-10-03 17:09:30
🌾 Verified Farmland,farm_hyd_2,Shamshabad Aerotropolis Organic Mango & Guava Orchard,Hyderabad,"Near Kothur / Shamshabad Airport Hinterland, Ranga Reddy",₹2.0 Cr (5 Acres),₹88.0 L/Acre,Natural Agricultural Gradient,Natural Agricultural Drainage,Sweet Aquifer (260 ppm) + 2 Borewells,30 ft road access,Greenfield Agro Expressway / Logistics Belt,✅ Soil & Title Cleared,K. Sudhakar Rao (Direct Landowner) (+91 99490 12345),,30-Year Revenue Title RTC / 7-12,2026-10-03 17:09:30
🌾 Verified Farmland,farm_hyd_3,Vikarabad Ananthagiri Hills Exotic Coffee & Spices Farm,Hyderabad,"Ananthagiri Hills Foothills, Vikarabad District",₹2.0 Cr (5 Acres),₹45.0 L/Acre,Natural Agricultural Gradient,Natural Agricultural Drainage,Sweet Aquifer (190 ppm) + 2 Borewells,30 ft road access,Greenfield Agro Expressway / Logistics Belt,✅ Soil & Title Cleared,P. Narsing Rao (Telangana Rural Land Advisory) (+91 98661 22890),,30-Year Revenue Title RTC / 7-12,2026-10-03 17:09:30
🌾 Verified Farmland,farm_hyd_4,Shadnagar Regional Ring Road High-Yield Dragon Fruit Plantation,Hyderabad,"Near Balanagar / Shadnagar NH-44 Corridor, Ranga Reddy",₹2.0 Cr (5 Acres),₹52.0 L/Acre,Natural Agricultural Gradient,Natural Agricultural Drainage,Sweet Aquifer (310 ppm) + 2 Borewells,30 ft road access,Greenfield Agro Expressway / Logistics Belt,✅ Soil & Title Cleared,G. Venkat Reddy (Direct Landowner) (+91 97012 34567),,30-Year Revenue Title RTC / 7-12,2026-10-03 17:09:30
🌾 Verified Farmland,farm_goa_1,Ponda Sahyadri Organic Spice & Sandalwood Estate,Goa,"Curti - Khandepar Valley, Ponda Taluk",₹2.0 Cr (5 Acres),₹42.0 L/Acre,Natural Agricultural Gradient,Natural Agricultural Drainage,Sweet Aquifer (140 ppm) + 2 Borewells,30 ft road access,Greenfield Agro Expressway / Logistics Belt,✅ Soil & Title Cleared,Menino D'Souza (Direct Landowner) (+91 98221 44521),,30-Year Revenue Title RTC / 7-12,2026-10-03 17:09:30
🌾 Verified Farmland,farm_pb_1,Karnal Indo-Gangetic Basmati & Dragon Fruit Agro-Ranch,Punjab & Haryana,"Kunjpura Road, Karnal - Yamuna Basin",₹2.0 Cr (5 Acres),₹68.0 L/Acre,Natural Agricultural Gradient,Natural Agricultural Drainage,Sweet Aquifer (220 ppm) + 2 Borewells,30 ft road access,Greenfield Agro Expressway / Logistics Belt,✅ Soil & Title Cleared,Sardar Gurpreet Singh (Direct Landowner) (+91 98120 77314),,30-Year Revenue Title RTC / 7-12,2026-10-03 17:09:30
🌾 Verified Farmland,farm_lko_1,Malihabad Heritage GI Dussehri Mango & Chandan Estate,Lucknow (Awadh Fertile Corridor),"Malihabad Historical Mango Belt, Lucknow District",₹2.0 Cr (5 Acres),₹55.0 L/Acre,Natural Agricultural Gradient,Natural Agricultural Drainage,Sweet Aquifer (190 ppm) + 2 Borewells,30 ft road access,Greenfield Agro Expressway / Logistics Belt,✅ Soil & Title Cleared,Nawabzada Tariq Khan (Direct Landowner) (+91 94150 11982),,30-Year Revenue Title RTC / 7-12,2026-10-03 17:09:30
🌾 Verified Farmland,farm_lko_2,Mohanlalganj - Kisan Path Outer Ring Alluvial Agro-Ranch,Lucknow (Awadh Fertile Corridor),"Kisan Path Outer Ring Road (ORR) Corridor, Mohanlalganj, Lucknow",₹2.0 Cr (5 Acres),₹62.0 L/Acre,Natural Agricultural Gradient,Natural Agricultural Drainage,Sweet Aquifer (180 ppm) + 2 Borewells,30 ft road access,Greenfield Agro Expressway / Logistics Belt,✅ Soil & Title Cleared,Awadh Agri Ventures (Pradeep Awasthi) (+91 98391 77234),,30-Year Revenue Title RTC / 7-12,2026-10-03 17:09:30
🌾 Verified Farmland,farm_lko_3,Sultanpur Road - Purvanchal Expressway Gateway Agro-Orchard,Lucknow (Awadh Fertile Corridor),"Near Gosainganj / Purvanchal Expressway Mile-0 Node, Lucknow",₹2.0 Cr (5 Acres),₹48.0 L/Acre,Natural Agricultural Gradient,Natural Agricultural Drainage,Sweet Aquifer (190 ppm) + 2 Borewells,30 ft road access,Greenfield Agro Expressway / Logistics Belt,✅ Soil & Title Cleared,Rameshwar Pratap Singh (Direct Farmer) (+91 94154 33210),,30-Year Revenue Title RTC / 7-12,2026-10-03 17:09:30
🌾 Verified Farmland,farm_lko_4,Kursi Road - Barabanki Agro-Tech Polyhouse & Dairy Estate,Lucknow (Awadh Fertile Corridor),"Kursi Road Agri-Bio Tech Zone, Lucknow-Barabanki Border",₹2.0 Cr (5 Acres),₹36.0 L/Acre,Natural Agricultural Gradient,Natural Agricultural Drainage,Sweet Aquifer (185 ppm) + 2 Borewells,30 ft road access,Greenfield Agro Expressway / Logistics Belt,✅ Soil & Title Cleared,Lucknow Green Acres Advisory (Satish Chaurasia) (+91 98399 22100),,30-Year Revenue Title RTC / 7-12,2026-10-03 17:09:30
🌾 Verified Farmland,farm_lko_5,IIM Road - Malhaur Gomti High-Plinth Organic Farm,Lucknow (Awadh Fertile Corridor),"IIM Road Extension / Sitapur Highway Hinterland, Lucknow",₹2.0 Cr (5 Acres),₹72.0 L/Acre,Natural Agricultural Gradient,Natural Agricultural Drainage,Sweet Aquifer (175 ppm) + 2 Borewells,30 ft road access,Greenfield Agro Expressway / Logistics Belt,✅ Soil & Title Cleared,Dr. Alok Verma (Direct Landowner) (+91 94151 88990),,30-Year Revenue Title RTC / 7-12,2026-10-03 17:09:30
🌾 Verified Farmland,farm_goa_2,Valpoi Sahyadri Organic Nutmeg & Spice Estate,Goa,"Valpoi - Sattari Sahyadri Foothills, North Goa",₹2.0 Cr (5 Acres),₹28.0 L/Acre,Natural Agricultural Gradient,Natural Agricultural Drainage,Sweet Aquifer (85 ppm) + 2 Borewells,30 ft road access,Greenfield Agro Expressway / Logistics Belt,✅ Soil & Title Cleared,Prabhakar Gaonkar (+91 98221 44556),,30-Year Revenue Title RTC / 7-12,2026-10-03 17:09:30
🌾 Verified Farmland,farm_goa_3,Quepem Riverfront Organic Arecanut & Cashew Agro-Ranch,Goa,"Quepem Kushavati River Basin, South Goa",₹2.0 Cr (5 Acres),₹24.0 L/Acre,Natural Agricultural Gradient,Natural Agricultural Drainage,Sweet Aquifer (95 ppm) + 2 Borewells,30 ft road access,Greenfield Agro Expressway / Logistics Belt,✅ Soil & Title Cleared,Camilo D'Souza (+91 98230 67891),,30-Year Revenue Title RTC / 7-12,2026-10-03 17:09:30
🌾 Verified Farmland,farm_pun_2,Ludhiana Sidhwan Canal Organic Kinnow & Dragon Fruit Estate,Punjab & Haryana,"Sidhwan Canal Belt, Near Pakhowal Road, Ludhiana",₹2.0 Cr (5 Acres),₹35.0 L/Acre,Natural Agricultural Gradient,Natural Agricultural Drainage,Sweet Aquifer (210 ppm) + 2 Borewells,30 ft road access,Greenfield Agro Expressway / Logistics Belt,✅ Soil & Title Cleared,Sardar Jagjit Singh Grewal (+91 98141 33445),,30-Year Revenue Title RTC / 7-12,2026-10-03 17:09:30
🌾 Verified Farmland,farm_pun_3,Mohali Kharar Agro-Tech Drip-Irrigated Polyhouse Estate,Punjab & Haryana,"Kharar - Kurali Agro Corridor, Greater Mohali",₹2.0 Cr (5 Acres),₹42.0 L/Acre,Natural Agricultural Gradient,Natural Agricultural Drainage,Sweet Aquifer (220 ppm) + 2 Borewells,30 ft road access,Greenfield Agro Expressway / Logistics Belt,✅ Soil & Title Cleared,Harmanpreet Singh Brar (+91 98765 44321),,30-Year Revenue Title RTC / 7-12,2026-10-03 17:09:30
🌾 Verified Farmland,eval_raw_managed_b5c43c1d8432,Hosachiguru Eco-Ridge Sandalwood & Hass Avocado Ranch,Bengaluru,Kanakapura Highway Corridor (Harohalli Hinterland),₹2.0 Cr (5 Acres),₹58.0 L/Acre,Natural Agricultural Gradient,Natural Agricultural Drainage,Sweet Aquifer (190 ppm) + 2 Borewells,30 ft road access,Greenfield Agro Expressway / Logistics Belt,✅ Soil & Title Cleared,Hosachiguru Agronomy Stewardship Desk (+91 80 6900 1200),,30-Year Revenue Title RTC / 7-12,2026-10-03 17:09:30
🌾 Verified Farmland,eval_raw_managed_2f46875c92d3,Big Banyan Roots High-Density Avocado & Exotic Citrus Estate,Bengaluru,Doddaballapur - Chikkaballapur Agro Belt,₹2.0 Cr (5 Acres),₹65.0 L/Acre,Natural Agricultural Gradient,Natural Agricultural Drainage,Sweet Aquifer (165 ppm) + 2 Borewells,30 ft road access,Greenfield Agro Expressway / Logistics Belt,✅ Soil & Title Cleared,Big Banyan Farms Operations (+91 98450 44220),,30-Year Revenue Title RTC / 7-12,2026-10-03 17:09:30
🌾 Verified Farmland,eval_raw_managed_621f69c69e91,Organo Antharam Agroforestry & Bio-Diverse Food Forest,Hyderabad,Chevella - Shankarpally Rurban Corridor,₹2.0 Cr (5 Acres),₹52.0 L/Acre,Natural Agricultural Gradient,Natural Agricultural Drainage,Sweet Aquifer (210 ppm) + 2 Borewells,30 ft road access,Greenfield Agro Expressway / Logistics Belt,✅ Soil & Title Cleared,Organo Eco-Communities Partner Desk (+91 90001 88770),,30-Year Revenue Title RTC / 7-12,2026-10-03 17:09:30
🌾 Verified Farmland,eval_raw_managed_fed91051be76,Vanya Orchards Sahyadri Agro-Haven & Dragon Fruit Ranch,Mumbai & MMR,Karjat - Kashele Foothills,₹2.0 Cr (5 Acres),₹75.0 L/Acre,Natural Agricultural Gradient,Natural Agricultural Drainage,Sweet Aquifer (140 ppm) + 2 Borewells,30 ft road access,Greenfield Agro Expressway / Logistics Belt,✅ Soil & Title Cleared,Vanya Living Agritech Ltd (+91 98200 77112),,30-Year Revenue Title RTC / 7-12,2026-10-03 17:09:30
🌾 Verified Farmland,eval_raw_managed_e97218f78698,Awadh Agro-Retreat Certified Langra & Dussehri Mango Ranch,Lucknow (Awadh),Malihabad Mango Belt (Badaun Highway),₹2.0 Cr (5 Acres),₹38.0 L/Acre,Natural Agricultural Gradient,Natural Agricultural Drainage,Sweet Aquifer (240 ppm) + 2 Borewells,30 ft road access,Greenfield Agro Expressway / Logistics Belt,✅ Soil & Title Cleared,Awadh Heritage Farms Management (+91 94150 99330),,30-Year Revenue Title RTC / 7-12,2026-10-03 17:09:30
🌾 Verified Farmland,eval_raw_managed_0bffc4033be8,Konkan Spice Grove & Organic Cashew Ranch,Goa,Ponda - Usgao Riverine Belt,₹2.0 Cr (5 Acres),₹60.0 L/Acre,Natural Agricultural Gradient,Natural Agricultural Drainage,Sweet Aquifer (95 ppm) + 2 Borewells,30 ft road access,Greenfield Agro Expressway / Logistics Belt,✅ Soil & Title Cleared,Goa Agri-Estates Trust (+91 832 245 8890),,30-Year Revenue Title RTC / 7-12,2026-10-03 17:09:30
🌾 Verified Farmland,eval_raw_managed_d2b7d7922e5f,Malabar Neem & Teak Bio-Investment Sanctuary,Coimbatore & Pollachi,Pollachi Anaimalai Foothills,₹2.0 Cr (5 Acres),₹42.0 L/Acre,Natural Agricultural Gradient,Natural Agricultural Drainage,Sweet Aquifer (180 ppm) + 2 Borewells,30 ft road access,Greenfield Agro Expressway / Logistics Belt,✅ Soil & Title Cleared,Pollachi Agro-Green Forestry Desk (+91 94430 22110),,30-Year Revenue Title RTC / 7-12,2026-10-03 17:09:30
🌾 Verified Farmland,eval_raw_managed_0d4ce464463f,Karnal Indo-Gangetic Golden Grain & Dairy Agro-Park,Punjab & Haryana,Karnal - Taraori Basmati Belt,₹2.0 Cr (5 Acres),₹45.0 L/Acre,Natural Agricultural Gradient,Natural Agricultural Drainage,Sweet Aquifer (210 ppm) + 2 Borewells,30 ft road access,Greenfield Agro Expressway / Logistics Belt,✅ Soil & Title Cleared,Haryana Agro Corporate Farm Desk (+91 98120 44550),,30-Year Revenue Title RTC / 7-12,2026-10-03 17:09:30
🌾 Verified Farmland,agri200_var_037,Shivpur - Tarna Urban Peripheral Organic Farmland & Nursery,Varanasi (Kashi / Banaras),"Tarna - Shivpur Agro Perimeter, Varanasi District",₹2.0 Cr (5 Acres),₹44.0 L/Acre,Natural Agricultural Gradient,Natural Agricultural Drainage,Sweet Aquifer (240 ppm) + 2 Borewells,30 ft road access,Greenfield Agro Expressway / Logistics Belt,✅ Soil & Title Cleared,Kishore Kumar Verma (+91 94153 08722),,30-Year Revenue Title RTC / 7-12,2026-10-03 17:09:30
🌾 Verified Farmland,agri200_var_031,Chitaipur - DLW Agro Corridor Polyhouse & Floriculture Parcel,Varanasi (Kashi / Banaras),"Chitaipur Outer Ring Road Link, Varanasi District",₹2.0 Cr (5 Acres),₹38.0 L/Acre,Natural Agricultural Gradient,Natural Agricultural Drainage,Sweet Aquifer (290 ppm) + 2 Borewells,30 ft road access,Greenfield Agro Expressway / Logistics Belt,✅ Soil & Title Cleared,Pandit Harishankar Tripathi (+91 94152 48901),,30-Year Revenue Title RTC / 7-12,2026-10-03 17:09:30
🌾 Verified Farmland,agri200_var_033,Lohta - Chandpur High-Yield Agroforestry & Timber Estate,Varanasi (Kashi / Banaras),"Lohta Rural Perimeter, Varanasi District",₹2.0 Cr (5 Acres),₹27.5 L/Acre,Natural Agricultural Gradient,Natural Agricultural Drainage,Sweet Aquifer (260 ppm) + 2 Borewells,30 ft road access,Greenfield Agro Expressway / Logistics Belt,✅ Soil & Title Cleared,Dinesh Kumar Yadav (+91 94511 67230),,30-Year Revenue Title RTC / 7-12,2026-10-03 17:09:30
🌾 Verified Farmland,agri200_var_036,Kashi Vishwanath Ring Road Phase-2 High-Speed Agro-Park,Varanasi (Kashi / Banaras),"Ring Road Phase-2 Junction, Sandaha / Cholapur Border, Varanasi",₹2.0 Cr (5 Acres),₹36.0 L/Acre,Natural Agricultural Gradient,Natural Agricultural Drainage,Sweet Aquifer (295 ppm) + 2 Borewells,30 ft road access,Greenfield Agro Expressway / Logistics Belt,✅ Soil & Title Cleared,Alok Ranjan Tiwari (+91 98890 44521),,30-Year Revenue Title RTC / 7-12,2026-10-03 17:09:30
🌾 Verified Farmland,farm_var_3,Sarnath Holy Heritage Organic Agro-Plot (Kashi / Banaras Ring Road),Varanasi (Kashi / Banaras),"Near Sarnath Deer Park / Ring Road Phase-1, Varanasi",₹2.0 Cr (5 Acres),₹95.0 L/Acre,Natural Agricultural Gradient,Natural Agricultural Drainage,Sweet Aquifer (195 ppm) + 2 Borewells,30 ft road access,Greenfield Agro Expressway / Logistics Belt,✅ Soil & Title Cleared,Virendra Maurya (Certified Organic Grower) (+91 94511 67239),,30-Year Revenue Title RTC / 7-12,2026-10-03 17:09:30
🌾 Verified Farmland,agri200_var_034,Harhua - Babatpur Agro-Highway Mixed Horticultural Ranch,Varanasi (Kashi / Banaras),"Harhua Block, NH-56 Airport Highway, Varanasi",₹2.0 Cr (5 Acres),₹35.0 L/Acre,Natural Agricultural Gradient,Natural Agricultural Drainage,Sweet Aquifer (275 ppm) + 2 Borewells,30 ft road access,Greenfield Agro Expressway / Logistics Belt,✅ Soil & Title Cleared,Om Prakash Upadhyay (+91 97920 33411),,30-Year Revenue Title RTC / 7-12,2026-10-03 17:09:30
🌾 Verified Farmland,farm_var_025,Araziline - Gangapur Sweet Corn & Exotic Veggie Agro-Plot,Varanasi (Kashi / Banaras),"Araziline Block, Near Gangapur Town, Varanasi District",₹2.0 Cr (5 Acres),₹42.0 L/Acre,Natural Agricultural Gradient,Natural Agricultural Drainage,Sweet Aquifer (220 ppm) + 2 Borewells,30 ft road access,Greenfield Agro Expressway / Logistics Belt,✅ Soil & Title Cleared,Mahendra Patel (+91-98380-44119),,30-Year Revenue Title RTC / 7-12,2026-10-03 17:09:30
🌾 Verified Farmland,farm_var_1,Rohania - Raja Talab Gangetic Alluvial Farmland (Kashi / Banaras),Varanasi (Kashi / Banaras),"Rohania - Raja Talab Agro Belt, Varanasi District",₹2.0 Cr (5 Acres),₹65.0 L/Acre,Natural Agricultural Gradient,Natural Agricultural Drainage,Sweet Aquifer (210 ppm) + 2 Borewells,30 ft road access,Greenfield Agro Expressway / Logistics Belt,✅ Soil & Title Cleared,Pandit Radheshyam Mishra (Direct Landowner) (+91 94152 33412),,30-Year Revenue Title RTC / 7-12,2026-10-03 17:09:30
🌾 Verified Farmland,farm_var_4,Ramnagar Sandstone Riverfront Organic Guava & Amla Orchard,Varanasi (Kashi / Banaras),"Ramnagar - Chunar Ganga East Bank, Varanasi Periphery",₹2.0 Cr (5 Acres),₹52.0 L/Acre,Natural Agricultural Gradient,Natural Agricultural Drainage,Sweet Aquifer (220 ppm) + 2 Borewells,30 ft road access,Greenfield Agro Expressway / Logistics Belt,✅ Soil & Title Cleared,Dharmendra Pratap Singh (Direct Landowner) (+91 98390 41285),,30-Year Revenue Title RTC / 7-12,2026-10-03 17:09:30
🌾 Verified Farmland,agri200_var_032,Rajatalab - National Highway-19 Agri-Logistics & Vegetable Farmland,Varanasi (Kashi / Banaras),"Rajatalab Mandi Agro-Corridor, Varanasi District",₹2.0 Cr (5 Acres),₹32.0 L/Acre,Natural Agricultural Gradient,Natural Agricultural Drainage,Sweet Aquifer (310 ppm) + 2 Borewells,30 ft road access,Greenfield Agro Expressway / Logistics Belt,✅ Soil & Title Cleared,Rameshwar Patel (Kashi Agro Realty) (+91 98390 12844),,30-Year Revenue Title RTC / 7-12,2026-10-03 17:09:30
🌾 Verified Farmland,farm_var_023,Cholapur - Ring Road Phase-2 High-Density Vegetable & Polyhouse Farm,Varanasi (Kashi / Banaras),"Cholapur Block, Ring Road Phase-2 Corridor, Varanasi District",₹2.0 Cr (5 Acres),₹35.0 L/Acre,Natural Agricultural Gradient,Natural Agricultural Drainage,Sweet Aquifer (260 ppm) + 2 Borewells,30 ft road access,Greenfield Agro Expressway / Logistics Belt,✅ Soil & Title Cleared,Rameshwar Yadav (Pradhan) (+91-94521-88219),,30-Year Revenue Title RTC / 7-12,2026-10-03 17:09:30
🌾 Verified Farmland,agri200_var_035,Chaubepur - Ganga Terai High-Density Guava & Aromatic Mint Orchard,Varanasi (Kashi / Banaras),"Chaubepur Ganga Belt, Varanasi District",₹2.0 Cr (5 Acres),₹24.0 L/Acre,Natural Agricultural Gradient,Natural Agricultural Drainage,Sweet Aquifer (220 ppm) + 2 Borewells,30 ft road access,Greenfield Agro Expressway / Logistics Belt,✅ Soil & Title Cleared,Satendra Singh (+91 94158 91204),,30-Year Revenue Title RTC / 7-12,2026-10-03 17:09:30
🌾 Verified Farmland,farm_var_2,Babatpur Airport High-Speed Agro-Corridor Farm (Kashi / Banaras),Varanasi (Kashi / Banaras),"Babatpur - Lalpur Highway, Pindra Tehsil, Varanasi District",₹2.0 Cr (5 Acres),₹85.0 L/Acre,Natural Agricultural Gradient,Natural Agricultural Drainage,Sweet Aquifer (235 ppm) + 2 Borewells,30 ft road access,Greenfield Agro Expressway / Logistics Belt,✅ Soil & Title Cleared,Satish Singh (Farmer & Ex-Gram Pradhan) (+91 97941 88204),,30-Year Revenue Title RTC / 7-12,2026-10-03 17:09:30
🌾 Verified Farmland,farm_var_5,Sevapuri Model Agro-Industrial Cluster Farmland (Kashi / Banaras),Varanasi (Kashi / Banaras),"Sevapuri - Kapsethi National Model Block, Varanasi District",₹2.0 Cr (5 Acres),₹48.0 L/Acre,Natural Agricultural Gradient,Natural Agricultural Drainage,Sweet Aquifer (215 ppm) + 2 Borewells,30 ft road access,Greenfield Agro Expressway / Logistics Belt,✅ Soil & Title Cleared,Surendra Nath Pandey (Gram Pradhan Representative) (+91 94505 52819),,30-Year Revenue Title RTC / 7-12,2026-10-03 17:09:30
🌾 Verified Farmland,farm_var_024,Pindra - Phulpur Agro-Belt Organic Millets & Pulse Ranch,Varanasi (Kashi / Banaras),"Pindra Tehsil, Varanasi-Jaunpur Road, Varanasi District",₹2.0 Cr (5 Acres),₹28.0 L/Acre,Natural Agricultural Gradient,Natural Agricultural Drainage,Sweet Aquifer (240 ppm) + 2 Borewells,30 ft road access,Greenfield Agro Expressway / Logistics Belt,✅ Soil & Title Cleared,Dr. Satish Singh (Agri-Scientist) (+91-94152-33718),,30-Year Revenue Title RTC / 7-12,2026-10-03 17:09:30
🌾 Verified Farmland,farm_var_026,Baragaon - Airport Logistics Buffer Turmeric & Medicinal Herb Farm,Varanasi (Kashi / Banaras),"Baragaon - Babatpur Agro Belt, Varanasi District",₹2.0 Cr (5 Acres),₹32.0 L/Acre,Natural Agricultural Gradient,Natural Agricultural Drainage,Sweet Aquifer (210 ppm) + 2 Borewells,30 ft road access,Greenfield Agro Expressway / Logistics Belt,✅ Soil & Title Cleared,Anurag Verma (Kashi Agri Ventures) (+91-94500-11228),,30-Year Revenue Title RTC / 7-12,2026-10-03 17:09:30
🌾 Verified Farmland,agri200_mir_042,Adalhat - AH-1 Highway Corridor Commercial Guava & Mustard Ranch,Varanasi (Kashi / Banaras),"Adalhat Junction, Varanasi-Shaktinagar Road",₹2.0 Cr (5 Acres),₹21.0 L/Acre,Natural Agricultural Gradient,Natural Agricultural Drainage,Sweet Aquifer (270 ppm) + 2 Borewells,30 ft road access,Greenfield Agro Expressway / Logistics Belt,✅ Soil & Title Cleared,Sunil Agrawal (+91 98380 91450),,30-Year Revenue Title RTC / 7-12,2026-10-03 17:09:30
🌾 Verified Farmland,agri200_cha_040,Baburi - Karmanasa Basin High-Yield Vegetable & Wheat Farmland,Varanasi (Kashi / Banaras),"Baburi Karmanasa River Belt, Chandauli",₹2.0 Cr (5 Acres),₹16.0 L/Acre,Natural Agricultural Gradient,Natural Agricultural Drainage,Sweet Aquifer (250 ppm) + 2 Borewells,30 ft road access,Greenfield Agro Expressway / Logistics Belt,✅ Soil & Title Cleared,Surendra Bind (+91 94159 28310),,30-Year Revenue Title RTC / 7-12,2026-10-03 17:09:30
🌾 Verified Farmland,farm_cha_3,Sakaldiha - Karmanasa Basin SARFAESI Distress Bank Auction Land,Varanasi (Kashi / Banaras),"Sakaldiha Tehsil, Chandauli District (Near Karmanasa River)",₹2.0 Cr (5 Acres),₹22.0 L/Acre,Natural Agricultural Gradient,Natural Agricultural Drainage,Sweet Aquifer (230 ppm) + 2 Borewells,30 ft road access,Greenfield Agro Expressway / Logistics Belt,✅ Soil & Title Cleared,Authorized Officer (PNB Sastra Zonal Center Varanasi) (+91 542 250 8891),,30-Year Revenue Title RTC / 7-12,2026-10-03 17:09:30
🌾 Verified Farmland,farm_cha_1,Chandauli Grain Bowl Kalanamak Basmati Agro-Ranch (Kashi Hinterland),Varanasi (Kashi / Banaras),"Pt. Deen Dayal Upadhyaya Hinterland, Chandauli District",₹2.0 Cr (5 Acres),₹38.0 L/Acre,Natural Agricultural Gradient,Natural Agricultural Drainage,Sweet Aquifer (205 ppm) + 2 Borewells,30 ft road access,Greenfield Agro Expressway / Logistics Belt,✅ Soil & Title Cleared,Rameshwar Upadhyay (Landowner) (+91 94158 90312),,30-Year Revenue Title RTC / 7-12,2026-10-03 17:09:30
🌾 Verified Farmland,agri200_cha_038,Chandauli Sadar - Mughalsarai Agro-Logistics Organic Paddy Parcel,Varanasi (Kashi / Banaras),"Chandauli Sadar, Grand Trunk Road Belt",₹2.0 Cr (5 Acres),₹17.5 L/Acre,Natural Agricultural Gradient,Natural Agricultural Drainage,Sweet Aquifer (280 ppm) + 2 Borewells,30 ft road access,Greenfield Agro Expressway / Logistics Belt,✅ Soil & Title Cleared,Bhanu Pratap Singh (+91 94520 89110),,30-Year Revenue Title RTC / 7-12,2026-10-03 17:09:30
🌾 Verified Farmland,farm_var_027,Saidpur - Ganga Alluvial Basin High-Yield Organic Mustard Ranch,Varanasi (Kashi / Banaras),"Saidpur - Bhitri Archaeological Corridor, Ghazipur District",₹2.0 Cr (5 Acres),₹22.0 L/Acre,Natural Agricultural Gradient,Natural Agricultural Drainage,Sweet Aquifer (250 ppm) + 2 Borewells,30 ft road access,Greenfield Agro Expressway / Logistics Belt,✅ Soil & Title Cleared,Dhirendra Rai (+91-94518-99230),,30-Year Revenue Title RTC / 7-12,2026-10-03 17:09:30
🌾 Verified Farmland,agri200_bha_059,Aurai - Grand Trunk Road Corridor High-Density Guava & Veg Farmland,Varanasi (Kashi / Banaras),"Aurai Block, NH-19 Highway Belt, Bhadohi",₹2.0 Cr (5 Acres),₹26.0 L/Acre,Natural Agricultural Gradient,Natural Agricultural Drainage,Sweet Aquifer (275 ppm) + 2 Borewells,30 ft road access,Greenfield Agro Expressway / Logistics Belt,✅ Soil & Title Cleared,Manoj Kumar Mishra (+91 98399 21045),,30-Year Revenue Title RTC / 7-12,2026-10-03 17:09:30
🌾 Verified Farmland,farm_cha_2,Chakia - Chandraprabha Vindhyan Foothill Sandalwood Estate,Varanasi (Kashi / Banaras),"Chakia - Chandraprabha Dam Belt, Chandauli District",₹2.0 Cr (5 Acres),₹26.0 L/Acre,Natural Agricultural Gradient,Natural Agricultural Drainage,Sweet Aquifer (180 ppm) + 2 Borewells,30 ft road access,Greenfield Agro Expressway / Logistics Belt,✅ Soil & Title Cleared,Col. B. K. Singh (Retd. Landowner) (+91 98112 45890),,30-Year Revenue Title RTC / 7-12,2026-10-03 17:09:30
🌾 Verified Farmland,farm_bha_1,Gyanpur - Gopiganj Alluvial Organic Wheat & Potato Seed Ranch,Varanasi (Kashi / Banaras),"Gyanpur - Gopiganj Alluvial Belt, Bhadohi District",₹2.0 Cr (5 Acres),₹42.0 L/Acre,Natural Agricultural Gradient,Natural Agricultural Drainage,Sweet Aquifer (215 ppm) + 2 Borewells,30 ft road access,Greenfield Agro Expressway / Logistics Belt,✅ Soil & Title Cleared,Ramesh Chandra Bind (Landowner) (+91 94153 66102),,30-Year Revenue Title RTC / 7-12,2026-10-03 17:09:30
🌾 Verified Farmland,agri200_bha_058,Bhadohi Sadar - Morwa River Basin High-Yield Organic Wheat Farm,Varanasi (Kashi / Banaras),"Bhadohi Sadar Rural Perimeter, Bhadohi District",₹2.0 Cr (5 Acres),₹22.0 L/Acre,Natural Agricultural Gradient,Natural Agricultural Drainage,Sweet Aquifer (260 ppm) + 2 Borewells,30 ft road access,Greenfield Agro Expressway / Logistics Belt,✅ Soil & Title Cleared,Ashok Kumar Bind (+91 94505 11840),,30-Year Revenue Title RTC / 7-12,2026-10-03 17:09:30
🌾 Verified Farmland,agri200_mir_044,Sukrit - Vindhyan Tableland Sandalwood & Teak Agroforestry Estate,Varanasi (Kashi / Banaras),"Sukrit Plateau Pass, Mirzapur-Sonbhadra Highway",₹2.0 Cr (5 Acres),₹11.0 L/Acre,Natural Agricultural Gradient,Natural Agricultural Drainage,Sweet Aquifer (190 ppm) + 2 Borewells,30 ft road access,Greenfield Agro Expressway / Logistics Belt,✅ Soil & Title Cleared,Anand Mohan Dubey (+91 97924 88120),,30-Year Revenue Title RTC / 7-12,2026-10-03 17:09:30
🌾 Verified Farmland,farm_mir_1,Chunar - Adalhat Vindhyan Ridge Black Soil Citrus Estate (Near Banaras),Varanasi (Kashi / Banaras),"Near Chunar Fort / Ganga South Bank, Mirzapur-Varanasi Border",₹2.0 Cr (5 Acres),₹42.0 L/Acre,Natural Agricultural Gradient,Natural Agricultural Drainage,Sweet Aquifer (240 ppm) + 2 Borewells,30 ft road access,Greenfield Agro Expressway / Logistics Belt,✅ Soil & Title Cleared,Thakur Virendra Pratap Singh (Direct Landowner) (+91 94502 88471),,30-Year Revenue Title RTC / 7-12,2026-10-03 17:09:30
🌾 Verified Farmland,farm_mir_2,Marihan - Sukrit Plateau Aromatic Lemongrass & Vetiver Farmland,Varanasi (Kashi / Banaras),"Marihan - Sukrit Tableland, Mirzapur District",₹2.0 Cr (5 Acres),₹18.0 L/Acre,Natural Agricultural Gradient,Natural Agricultural Drainage,Sweet Aquifer (210 ppm) + 2 Borewells,30 ft road access,Greenfield Agro Expressway / Logistics Belt,✅ Soil & Title Cleared,Shailendra Bind (Farmer-Entrepreneur) (+91 94155 77120),,30-Year Revenue Title RTC / 7-12,2026-10-03 17:09:30
🌾 Verified Farmland,agri200_cha_039,Naugarh - Vindhyan Foothills Medicinal Herbs & Honey Ranch,Varanasi (Kashi / Banaras),"Naugarh Valley, Chandauli District",₹2.0 Cr (5 Acres),₹9.5 L/Acre,Natural Agricultural Gradient,Natural Agricultural Drainage,Sweet Aquifer (160 ppm) + 2 Borewells,30 ft road access,Greenfield Agro Expressway / Logistics Belt,✅ Soil & Title Cleared,Virendra Maurya (+91 97931 55088),,30-Year Revenue Title RTC / 7-12,2026-10-03 17:09:30
🌾 Verified Farmland,agri200_jau_046,Mariahu - Basuhi Riverfront Radish & Vegetable Farm (Famous Giant Radish),Varanasi (Kashi / Banaras),"Mariahu Tehsil, Basuhi River Basin, Jaunpur",₹2.0 Cr (5 Acres),₹18.0 L/Acre,Natural Agricultural Gradient,Natural Agricultural Drainage,Sweet Aquifer (210 ppm) + 2 Borewells,30 ft road access,Greenfield Agro Expressway / Logistics Belt,✅ Soil & Title Cleared,Kripa Shankar Tiwari (+91 94154 99104),,30-Year Revenue Title RTC / 7-12,2026-10-03 17:09:30
🌾 Verified Farmland,agri200_jau_047,Zafarabad - Gomti River Basin High-Density Guava & Sweet Lime Farm,Varanasi (Kashi / Banaras),"Zafarabad Gomti River Meander, Jaunpur",₹2.0 Cr (5 Acres),₹20.0 L/Acre,Natural Agricultural Gradient,Natural Agricultural Drainage,Sweet Aquifer (235 ppm) + 2 Borewells,30 ft road access,Greenfield Agro Expressway / Logistics Belt,✅ Soil & Title Cleared,Devendra Pratap Singh (+91 97930 11980),,30-Year Revenue Title RTC / 7-12,2026-10-03 17:09:30
🌾 Verified Farmland,agri200_mir_041,Vindhyachal - Ojhala River Basin High-Density Pomegranate & Citrus Estate,Varanasi (Kashi / Banaras),"Vindhyachal Foothills, Mirzapur District",₹2.0 Cr (5 Acres),₹15.0 L/Acre,Natural Agricultural Gradient,Natural Agricultural Drainage,Sweet Aquifer (210 ppm) + 2 Borewells,30 ft road access,Greenfield Agro Expressway / Logistics Belt,✅ Soil & Title Cleared,Raghunath Pandey (+91 94502 67819),,30-Year Revenue Title RTC / 7-12,2026-10-03 17:09:30
🌾 Verified Farmland,agri200_bha_060,Suriyawan - Varuna Basin Organic Oilseeds & Basmati Farmland,Varanasi (Kashi / Banaras),"Suriyawan Block, Varuna River Basin, Bhadohi",₹2.0 Cr (5 Acres),₹17.0 L/Acre,Natural Agricultural Gradient,Natural Agricultural Drainage,Sweet Aquifer (240 ppm) + 2 Borewells,30 ft road access,Greenfield Agro Expressway / Logistics Belt,✅ Soil & Title Cleared,Radheshyam Dubey (+91 94156 80214),,30-Year Revenue Title RTC / 7-12,2026-10-03 17:09:30
🌾 Verified Farmland,farm_jau_1,Shahganj - Kerakat Gomti Basin Ginger & Turmeric Alluvial Ranch,Varanasi (Kashi / Banaras),"Shahganj - Kerakat Gomti Basin, Jaunpur District",₹2.0 Cr (5 Acres),₹35.0 L/Acre,Natural Agricultural Gradient,Natural Agricultural Drainage,Sweet Aquifer (215 ppm) + 2 Borewells,30 ft road access,Greenfield Agro Expressway / Logistics Belt,✅ Soil & Title Cleared,Tribhuvan Nath Yadav (Progressive Farmer) (+91 94156 22091),,30-Year Revenue Title RTC / 7-12,2026-10-03 17:09:30
🌾 Verified Farmland,farm_gha_1,Zamania - Ganga Basin Rose Damascena & Mentha Distillation Farm,Varanasi (Kashi / Banaras),"Zamania Tehsil, Ganga Basin, Ghazipur District",₹2.0 Cr (5 Acres),₹32.0 L/Acre,Natural Agricultural Gradient,Natural Agricultural Drainage,Sweet Aquifer (210 ppm) + 2 Borewells,30 ft road access,Greenfield Agro Expressway / Logistics Belt,✅ Soil & Title Cleared,Mukhtar Ahmed Siddiqui (Rose Grower & Landowner) (+91 94520 18456),,30-Year Revenue Title RTC / 7-12,2026-10-03 17:09:30
🌾 Verified Farmland,agri200_aza_054,Mehnagar - Mangai Riverfront Fertile Vegetable & Seed Farmland,Varanasi (Kashi / Banaras),"Mehnagar Tehsil, Mangai River Corridor, Azamgarh",₹2.0 Cr (5 Acres),₹16.0 L/Acre,Natural Agricultural Gradient,Natural Agricultural Drainage,Sweet Aquifer (240 ppm) + 2 Borewells,30 ft road access,Greenfield Agro Expressway / Logistics Belt,✅ Soil & Title Cleared,Rajanand Tiwari (+91 94503 66120),,30-Year Revenue Title RTC / 7-12,2026-10-03 17:09:30
🌾 Verified Farmland,agri200_kai_066,Chainpur - Kaimur Wildlife Sanctuary Buffer Agroforestry Ranch,Varanasi (Kashi / Banaras),"Chainpur Foothills, Kaimur District, Bihar",₹2.0 Cr (5 Acres),₹10.0 L/Acre,Natural Agricultural Gradient,Natural Agricultural Drainage,Sweet Aquifer (170 ppm) + 2 Borewells,30 ft road access,Greenfield Agro Expressway / Logistics Belt,✅ Soil & Title Cleared,Awadhesh Prasad (+91 94314 55102),,30-Year Revenue Title RTC / 7-12,2026-10-03 17:09:30
🌾 Verified Farmland,agri200_gha_048,Ghazipur Sadar - Ganga River Bluff High-Value Rose & Mentha Distillation Ranch,Varanasi (Kashi / Banaras),"Ghazipur Sadar Ganga Bluff, Ghazipur District",₹2.0 Cr (5 Acres),₹16.5 L/Acre,Natural Agricultural Gradient,Natural Agricultural Drainage,Sweet Aquifer (215 ppm) + 2 Borewells,30 ft road access,Greenfield Agro Expressway / Logistics Belt,✅ Soil & Title Cleared,Mukhtar Ahmad Khan (+91 94158 33201),,30-Year Revenue Title RTC / 7-12,2026-10-03 17:09:30
🌾 Verified Farmland,agri200_jau_045,Machhlishahr - Sai River Basin Fertile Alluvial Farmland,Varanasi (Kashi / Banaras),"Machhlishahr Tehsil, Sai River Belt, Jaunpur",₹2.0 Cr (5 Acres),₹14.5 L/Acre,Natural Agricultural Gradient,Natural Agricultural Drainage,Sweet Aquifer (240 ppm) + 2 Borewells,30 ft road access,Greenfield Agro Expressway / Logistics Belt,✅ Soil & Title Cleared,Tribhuvan Nath Yadav (+91 94508 19023),,30-Year Revenue Title RTC / 7-12,2026-10-03 17:09:30
🌾 Verified Farmland,agri200_mir_043,Lalganj - Belan River Valley Organic Pulses & Mustard Ranch,Varanasi (Kashi / Banaras),"Lalganj Tehsil, Belan River Valley, Mirzapur",₹2.0 Cr (5 Acres),₹10.5 L/Acre,Natural Agricultural Gradient,Natural Agricultural Drainage,Sweet Aquifer (230 ppm) + 2 Borewells,30 ft road access,Greenfield Agro Expressway / Logistics Belt,✅ Soil & Title Cleared,Mahesh Chandra Shukla (+91 94156 12890),,30-Year Revenue Title RTC / 7-12,2026-10-03 17:09:30
🌾 Verified Farmland,farm_son_1,Robertsganj - Ghorawal Vindhyan Black Cotton Soil Soybean Ranch,Varanasi (Kashi / Banaras),"Robertsganj - Ghorawal Valley, Sonbhadra District",₹2.0 Cr (5 Acres),₹22.0 L/Acre,Natural Agricultural Gradient,Natural Agricultural Drainage,Sweet Aquifer (230 ppm) + 2 Borewells,30 ft road access,Greenfield Agro Expressway / Logistics Belt,✅ Soil & Title Cleared,Mahendra Pratap Singh (Direct Landowner) (+91 94158 33901),,30-Year Revenue Title RTC / 7-12,2026-10-03 17:09:30
🌾 Verified Farmland,farm_kai_1,Mohania - Grand Trunk Road Son Canal Irrigated Basmati Land,Varanasi (Kashi / Banaras),"Mohania Tehsil, Kaimur (Bhabua) District, Bihar Border Belt",₹2.0 Cr (5 Acres),₹32.0 L/Acre,Natural Agricultural Gradient,Natural Agricultural Drainage,Sweet Aquifer (210 ppm) + 2 Borewells,30 ft road access,Greenfield Agro Expressway / Logistics Belt,✅ Soil & Title Cleared,Bihari Lal Pandey (Direct Landowner) (+91 94310 88219),,30-Year Revenue Title RTC / 7-12,2026-10-03 17:09:30
🌾 Verified Farmland,agri200_kai_064,Bhabua - Kaimur Plateau Foothill Organic Basmati & Pulses Land,Varanasi (Kashi / Banaras),"Bhabua Sadar, Kaimur District, Bihar",₹2.0 Cr (5 Acres),₹14.0 L/Acre,Natural Agricultural Gradient,Natural Agricultural Drainage,Sweet Aquifer (220 ppm) + 2 Borewells,30 ft road access,Greenfield Agro Expressway / Logistics Belt,✅ Soil & Title Cleared,Brajesh Kumar Singh (+91 94310 88204),,30-Year Revenue Title RTC / 7-12,2026-10-03 17:09:30
🌾 Verified Farmland,agri200_gha_050,Dildarnagar - Karmanasa Basin Triple-Crop Irrigated Farmland,Varanasi (Kashi / Banaras),"Dildarnagar Junction Hinterland, Ghazipur",₹2.0 Cr (5 Acres),₹15.0 L/Acre,Natural Agricultural Gradient,Natural Agricultural Drainage,Sweet Aquifer (240 ppm) + 2 Borewells,30 ft road access,Greenfield Agro Expressway / Logistics Belt,✅ Soil & Title Cleared,Kamlesh Kushwaha (+91 98394 67109),,30-Year Revenue Title RTC / 7-12,2026-10-03 17:09:30
🌾 Verified Farmland,agri200_pra_056,Handia - GT Road Corridor High-Speed Agro-Logistics & Vegetable Land,Varanasi (Kashi / Banaras),"Handia Block, NH-19 Prayagraj-Varanasi Highway",₹2.0 Cr (5 Acres),₹24.0 L/Acre,Natural Agricultural Gradient,Natural Agricultural Drainage,Sweet Aquifer (280 ppm) + 2 Borewells,30 ft road access,Greenfield Agro Expressway / Logistics Belt,✅ Soil & Title Cleared,Satish Chandra Shukla (+91 98392 44109),,30-Year Revenue Title RTC / 7-12,2026-10-03 17:09:30
🌾 Verified Farmland,agri200_aza_053,Nizamabad - Terracotta Belt High-Density Mango & Guava Ranch,Varanasi (Kashi / Banaras),"Nizamabad Heritage Block, Azamgarh",₹2.0 Cr (5 Acres),₹15.0 L/Acre,Natural Agricultural Gradient,Natural Agricultural Drainage,Sweet Aquifer (260 ppm) + 2 Borewells,30 ft road access,Greenfield Agro Expressway / Logistics Belt,✅ Soil & Title Cleared,Shashi Bhushan Singh (+91 94152 77014),,30-Year Revenue Title RTC / 7-12,2026-10-03 17:09:30
🌾 Verified Farmland,agri200_aza_051,Phoolpur Pawai - Purvanchal Expressway Agro-Corridor Organic Farmland,Varanasi (Kashi / Banaras),"Phoolpur Pawai Tehsil, Azamgarh District",₹2.0 Cr (5 Acres),₹13.5 L/Acre,Natural Agricultural Gradient,Natural Agricultural Drainage,Sweet Aquifer (270 ppm) + 2 Borewells,30 ft road access,Greenfield Agro Expressway / Logistics Belt,✅ Soil & Title Cleared,Jitendra Yadav (+91 94157 28910),,30-Year Revenue Title RTC / 7-12,2026-10-03 17:09:30
🌾 Verified Farmland,agri200_gha_049,Mohammadabad - Purvanchal Agro-Highway Mango & Potato Ranch,Varanasi (Kashi / Banaras),"Mohammadabad Tehsil, NH-31 Corridor, Ghazipur",₹2.0 Cr (5 Acres),₹14.0 L/Acre,Natural Agricultural Gradient,Natural Agricultural Drainage,Sweet Aquifer (260 ppm) + 2 Borewells,30 ft road access,Greenfield Agro Expressway / Logistics Belt,✅ Soil & Title Cleared,Satya Narayan Rai (+91 94510 44820),,30-Year Revenue Title RTC / 7-12,2026-10-03 17:09:30
🌾 Verified Farmland,farm_aza_1,Lalganj - Purvanchal Expressway Mile-52 Exit Polyhouse Horticulture,Varanasi (Kashi / Banaras),"Lalganj Tehsil, Azamgarh District (Purvanchal Expressway Exit)",₹2.0 Cr (5 Acres),₹28.0 L/Acre,Natural Agricultural Gradient,Natural Agricultural Drainage,Sweet Aquifer (220 ppm) + 2 Borewells,30 ft road access,Greenfield Agro Expressway / Logistics Belt,✅ Soil & Title Cleared,Raghunath Rai (Farmer-Promoter) (+91 94152 77014),,30-Year Revenue Title RTC / 7-12,2026-10-03 17:09:30
🌾 Verified Farmland,farm_jau_2,Badlapur - NH-31 Four-Lane Agro-Highway Plot,Varanasi (Kashi / Banaras),"Badlapur Tehsil, Jaunpur District (NH-31 Corridor)",₹2.0 Cr (5 Acres),₹45.0 L/Acre,Natural Agricultural Gradient,Natural Agricultural Drainage,Sweet Aquifer (225 ppm) + 2 Borewells,30 ft road access,Greenfield Agro Expressway / Logistics Belt,✅ Soil & Title Cleared,Awadhesh Tiwari (Direct Owner) (+91 98380 91452),,30-Year Revenue Title RTC / 7-12,2026-10-03 17:09:30
🌾 Verified Farmland,agri200_son_061,Chopan - Son Riverfront Mineral Silt & Agroforestry Ranch,Varanasi (Kashi / Banaras),"Chopan Son River Bluff, Sonbhadra District",₹2.0 Cr (5 Acres),₹8.0 L/Acre,Natural Agricultural Gradient,Natural Agricultural Drainage,Sweet Aquifer (180 ppm) + 2 Borewells,30 ft road access,Greenfield Agro Expressway / Logistics Belt,✅ Soil & Title Cleared,Devraj Singh Gond (+91 94511 90812),,30-Year Revenue Title RTC / 7-12,2026-10-03 17:09:30
🌾 Verified Farmland,agri200_kai_065,Kudra - Grand Trunk Road Agri-Industrial Basmati Parcel,Varanasi (Kashi / Banaras),"Kudra Agro-Industrial Hub, NH-19, Kaimur District",₹2.0 Cr (5 Acres),₹18.0 L/Acre,Natural Agricultural Gradient,Natural Agricultural Drainage,Sweet Aquifer (240 ppm) + 2 Borewells,30 ft road access,Greenfield Agro Expressway / Logistics Belt,✅ Soil & Title Cleared,Vinay Kumar Srivastava (+91 98350 41289),,30-Year Revenue Title RTC / 7-12,2026-10-03 17:09:30
🌾 Verified Farmland,agri200_sin_075,Chitrangi - Rihand Catchment Agroforestry & Bamboo Plantation,Varanasi (Kashi / Banaras),"Chitrangi Tehsil, Singrauli District, MP",₹2.0 Cr (5 Acres),₹6.0 L/Acre,Natural Agricultural Gradient,Natural Agricultural Drainage,Sweet Aquifer (160 ppm) + 2 Borewells,30 ft road access,Greenfield Agro Expressway / Logistics Belt,✅ Soil & Title Cleared,Shailendra Singh Markam (+91 94257 11405),,30-Year Revenue Title RTC / 7-12,2026-10-03 17:09:30
🌾 Verified Farmland,agri200_aza_052,Sagri - Ghaghara River Terai Alluvial Sugar & Banana Plantation,Varanasi (Kashi / Banaras),"Sagri Tehsil, Ghaghara Terai Belt, Azamgarh",₹2.0 Cr (5 Acres),₹12.0 L/Acre,Natural Agricultural Gradient,Natural Agricultural Drainage,Sweet Aquifer (210 ppm) + 2 Borewells,30 ft road access,Greenfield Agro Expressway / Logistics Belt,✅ Soil & Title Cleared,Pramod Kumar Rai (+91 97922 40188),,30-Year Revenue Title RTC / 7-12,2026-10-03 17:09:30
🌾 Verified Farmland,farm_var_028,Meja - Tons Riverfront Amla & Dragon Fruit Plantation,Varanasi (Kashi / Banaras),"Meja Tehsil, Tons River Confluence, Prayagraj District",₹2.0 Cr (5 Acres),₹16.0 L/Acre,Natural Agricultural Gradient,Natural Agricultural Drainage,Sweet Aquifer (280 ppm) + 2 Borewells,30 ft road access,Greenfield Agro Expressway / Logistics Belt,✅ Soil & Title Cleared,Virendra Shukla (+91-94520-44911),,30-Year Revenue Title RTC / 7-12,2026-10-03 17:09:30
🌾 Verified Farmland,agri200_pra_055,Koraon - Belan River Valley Organic Guava & Mustard Ranch,Varanasi (Kashi / Banaras),"Koraon Tehsil, Belan River Valley, Prayagraj",₹2.0 Cr (5 Acres),₹11.5 L/Acre,Natural Agricultural Gradient,Natural Agricultural Drainage,Sweet Aquifer (210 ppm) + 2 Borewells,30 ft road access,Greenfield Agro Expressway / Logistics Belt,✅ Soil & Title Cleared,Vidyadhar Mishra (+91 94151 55902),,30-Year Revenue Title RTC / 7-12,2026-10-03 17:09:30
🌾 Verified Farmland,agri200_bux_068,Itarhi - Ganga Alluvial Basin Triple-Cropped Farmland,Varanasi (Kashi / Banaras),"Itarhi Block, Buxar District, Bihar",₹2.0 Cr (5 Acres),₹13.0 L/Acre,Natural Agricultural Gradient,Natural Agricultural Drainage,Sweet Aquifer (250 ppm) + 2 Borewells,30 ft road access,Greenfield Agro Expressway / Logistics Belt,✅ Soil & Title Cleared,Mithilesh Pandey (+91 94318 44021),,30-Year Revenue Title RTC / 7-12,2026-10-03 17:09:30
🌾 Verified Farmland,farm_bux_1,Buxar - Ganga Alluvial Basin High-Silt Seed Breeding Ranch,Varanasi (Kashi / Banaras),"Buxar Tehsil, Ganga Alluvial Basin, Bihar Border Belt",₹2.0 Cr (5 Acres),₹30.0 L/Acre,Natural Agricultural Gradient,Natural Agricultural Drainage,Sweet Aquifer (205 ppm) + 2 Borewells,30 ft road access,Greenfield Agro Expressway / Logistics Belt,✅ Soil & Title Cleared,Satyanarayan Ojha (Landowner) (+91 94314 55102),,30-Year Revenue Title RTC / 7-12,2026-10-03 17:09:30
🌾 Verified Farmland,agri200_pra_057,Naini - Yamuna South Bluff Organic Lemon & Dragon Fruit Estate,Varanasi (Kashi / Banaras),"Naini Rural Southern Fringe, Prayagraj",₹2.0 Cr (5 Acres),₹28.0 L/Acre,Natural Agricultural Gradient,Natural Agricultural Drainage,Sweet Aquifer (230 ppm) + 2 Borewells,30 ft road access,Greenfield Agro Expressway / Logistics Belt,✅ Soil & Title Cleared,Praveen Srivastava (+91 94155 89201),,30-Year Revenue Title RTC / 7-12,2026-10-03 17:09:30
🌾 Verified Farmland,farm_var_029,Sasaram - Grand Trunk Road High-Speed Canal Agri-Ranch,Varanasi (Kashi / Banaras),"Sasaram - Nokha Agricultural Highway, Rohtas District",₹2.0 Cr (5 Acres),₹18.0 L/Acre,Natural Agricultural Gradient,Natural Agricultural Drainage,Sweet Aquifer (190 ppm) + 2 Borewells,30 ft road access,Greenfield Agro Expressway / Logistics Belt,✅ Soil & Title Cleared,Alok Ranjan Singh (+91-94310-77620),,30-Year Revenue Title RTC / 7-12,2026-10-03 17:09:30
🌾 Verified Farmland,farm_roh_1,Dehri-on-Sone - Sasaram Sone Canal Basmati & Wheat Agro-Ranch,Varanasi (Kashi / Banaras),"Dehri-on-Sone - Sasaram Agro Hub, Rohtas District, Bihar Border Belt",₹2.0 Cr (5 Acres),₹28.0 L/Acre,Natural Agricultural Gradient,Natural Agricultural Drainage,Sweet Aquifer (210 ppm) + 2 Borewells,30 ft road access,Greenfield Agro Expressway / Logistics Belt,✅ Soil & Title Cleared,Girish Chandra Verma (Direct Landowner) (+91 94318 44091),,30-Year Revenue Title RTC / 7-12,2026-10-03 17:09:30
🌾 Verified Farmland,farm_pra_1,Prayagraj - Phaphamau Ganga Bluff Organic Guava Farm (Kashi-Prayag Corridor),Varanasi (Kashi / Banaras),"Phaphamau Ganga Northern High Ridge, Prayagraj",₹2.0 Cr (5 Acres),₹58.0 L/Acre,Natural Agricultural Gradient,Natural Agricultural Drainage,Sweet Aquifer (215 ppm) + 2 Borewells,30 ft road access,Greenfield Agro Expressway / Logistics Belt,✅ Soil & Title Cleared,Santosh Kumar Shukla (Direct Landowner) (+91 94152 11985),,30-Year Revenue Title RTC / 7-12,2026-10-03 17:09:30
🌾 Verified Farmland,agri200_bux_067,Dumraon - Son Canal Network High-Yield Basmati & Seed Breeding Farm,Varanasi (Kashi / Banaras),"Dumraon Royal Hinterland, Buxar District",₹2.0 Cr (5 Acres),₹14.5 L/Acre,Natural Agricultural Gradient,Natural Agricultural Drainage,Sweet Aquifer (230 ppm) + 2 Borewells,30 ft road access,Greenfield Agro Expressway / Logistics Belt,✅ Soil & Title Cleared,Raghuvansh Narayan Singh (+91 94312 90184),,30-Year Revenue Title RTC / 7-12,2026-10-03 17:09:30
🌾 Verified Farmland,agri200_roh_071,Nokha - Sone Basin High-Yield Pulses & Certified Seed Ranch,Varanasi (Kashi / Banaras),"Nokha Block, Rohtas District, Bihar",₹2.0 Cr (5 Acres),₹14.0 L/Acre,Natural Agricultural Gradient,Natural Agricultural Drainage,Sweet Aquifer (230 ppm) + 2 Borewells,30 ft road access,Greenfield Agro Expressway / Logistics Belt,✅ Soil & Title Cleared,Pankaj Kumar Singh (+91 94318 90112),,30-Year Revenue Title RTC / 7-12,2026-10-03 17:09:30
🌾 Verified Farmland,agri200_son_063,Renukoot - Rihand Reservoir Agro-Buffer Teak & Citrus Orchard,Varanasi (Kashi / Banaras),"Renukoot Hinterland, Rihand Dam Catchment, Sonbhadra",₹2.0 Cr (5 Acres),₹9.0 L/Acre,Natural Agricultural Gradient,Natural Agricultural Drainage,Sweet Aquifer (165 ppm) + 2 Borewells,30 ft road access,Greenfield Agro Expressway / Logistics Belt,✅ Soil & Title Cleared,Vimal Agrawal (+91 94150 49103),,30-Year Revenue Title RTC / 7-12,2026-10-03 17:09:30
🌾 Verified Farmland,agri200_son_062,Dudhi - Kanhar Valley Tribal Agro-Horticulture & Chironji Estate,Varanasi (Kashi / Banaras),"Dudhi Tehsil, Kanhar River Valley, Sonbhadra",₹2.0 Cr (5 Acres),₹6.5 L/Acre,Natural Agricultural Gradient,Natural Agricultural Drainage,Sweet Aquifer (140 ppm) + 2 Borewells,30 ft road access,Greenfield Agro Expressway / Logistics Belt,✅ Soil & Title Cleared,Suraj Bhan Markam (+91 97935 66014),,30-Year Revenue Title RTC / 7-12,2026-10-03 17:09:30
🌾 Verified Farmland,farm_sin_1,Waidhan - Baidhan Basin Agro-Buffer Agroforestry & Teakwood Estate,Varanasi (Kashi / Banaras),"Waidhan Tehsil, Baidhan Basin, Singrauli District, MP Border Belt",₹2.0 Cr (5 Acres),₹19.0 L/Acre,Natural Agricultural Gradient,Natural Agricultural Drainage,Sweet Aquifer (215 ppm) + 2 Borewells,30 ft road access,Greenfield Agro Expressway / Logistics Belt,✅ Soil & Title Cleared,Dinesh Kumar Shah (Landowner) (+91 94253 11840),,30-Year Revenue Title RTC / 7-12,2026-10-03 17:09:30
🌾 Verified Farmland,agri200_bux_069,Chaugain - Sone Canal Irrigated Organic Mustard & Wheat Ranch,Varanasi (Kashi / Banaras),"Chaugain Block, Buxar District, Bihar",₹2.0 Cr (5 Acres),₹12.5 L/Acre,Natural Agricultural Gradient,Natural Agricultural Drainage,Sweet Aquifer (220 ppm) + 2 Borewells,30 ft road access,Greenfield Agro Expressway / Logistics Belt,✅ Soil & Title Cleared,Shambhu Nath Ojha (+91 94300 77129),,30-Year Revenue Title RTC / 7-12,2026-10-03 17:09:30
🌾 Verified Farmland,agri200_roh_070,Bikramganj - Son Canal Granary of Bihar High-Tech Paddy Farm,Varanasi (Kashi / Banaras),"Bikramganj Agro-Mandi Corridor, Rohtas District",₹2.0 Cr (5 Acres),₹15.5 L/Acre,Natural Agricultural Gradient,Natural Agricultural Drainage,Sweet Aquifer (210 ppm) + 2 Borewells,30 ft road access,Greenfield Agro Expressway / Logistics Belt,✅ Soil & Title Cleared,Dharmendra Kumar Choudhary (+91 94312 33019),,30-Year Revenue Title RTC / 7-12,2026-10-03 17:09:30
🌾 Verified Farmland,farm_var_030,Mauganj - Rewa Highway Certified Organic Teakwood Agroforestry,Varanasi (Kashi / Banaras),"Mauganj - Hanumana Plateau Corridor, Rewa District",₹2.0 Cr (5 Acres),₹12.0 L/Acre,Natural Agricultural Gradient,Natural Agricultural Drainage,Sweet Aquifer (260 ppm) + 2 Borewells,30 ft road access,Greenfield Agro Expressway / Logistics Belt,✅ Soil & Title Cleared,Brijesh Tiwari (+91-94251-55829),,30-Year Revenue Title RTC / 7-12,2026-10-03 17:09:30
🌾 Verified Farmland,agri200_rew_073,Teonthar - Tons River Basin Irrigated Mustard & Pulses Farmland,Varanasi (Kashi / Banaras),"Teonthar Tehsil, Tons River Valley, Rewa District, MP",₹2.0 Cr (5 Acres),₹9.5 L/Acre,Natural Agricultural Gradient,Natural Agricultural Drainage,Sweet Aquifer (210 ppm) + 2 Borewells,30 ft road access,Greenfield Agro Expressway / Logistics Belt,✅ Soil & Title Cleared,Tribhuwan Nath Shukla (+91 94258 44019),,30-Year Revenue Title RTC / 7-12,2026-10-03 17:09:30
🌾 Verified Farmland,agri200_sin_074,Deosar - Vindhyan Plateau Black Soil Soybean & Teakwood Estate,Varanasi (Kashi / Banaras),"Deosar Tehsil, Singrauli District, MP",₹2.0 Cr (5 Acres),₹7.5 L/Acre,Natural Agricultural Gradient,Natural Agricultural Drainage,Sweet Aquifer (190 ppm) + 2 Borewells,30 ft road access,Greenfield Agro Expressway / Logistics Belt,✅ Soil & Title Cleared,Rajendra Prasad Shah (+91 94253 90812),,30-Year Revenue Title RTC / 7-12,2026-10-03 17:09:30
🌾 Verified Farmland,agri200_sin_076,Mada - Ancient Caves Agro-Tourism & Amla Horticulture Ranch,Varanasi (Kashi / Banaras),"Mada Rock Cut Caves Buffer, Singrauli District, MP",₹2.0 Cr (5 Acres),₹8.0 L/Acre,Natural Agricultural Gradient,Natural Agricultural Drainage,Sweet Aquifer (175 ppm) + 2 Borewells,30 ft road access,Greenfield Agro Expressway / Logistics Belt,✅ Soil & Title Cleared,Dinesh Chandra Pandey (+91 94259 88120),,30-Year Revenue Title RTC / 7-12,2026-10-03 17:09:30
🌾 Verified Farmland,farm_rew_1,Mangawan - Rewa Plateau Red-Black Mixed Loam Orange & Guava Orchard,Varanasi (Kashi / Banaras),"Mangawan Tehsil, Rewa District, MP Border Belt (NH-30 Corridor)",₹2.0 Cr (5 Acres),₹24.0 L/Acre,Natural Agricultural Gradient,Natural Agricultural Drainage,Sweet Aquifer (220 ppm) + 2 Borewells,30 ft road access,Greenfield Agro Expressway / Logistics Belt,✅ Soil & Title Cleared,Raghavendra Singh Baghel (Direct Landowner) (+91 94251 77319),,30-Year Revenue Title RTC / 7-12,2026-10-03 17:09:30
🌾 Verified Farmland,agri200_rew_072,Govindgarh - Rewa Lake Basin Royal Sundarja Mango & Guava Estate,Varanasi (Kashi / Banaras),"Govindgarh Palace Hinterland, Rewa District, MP",₹2.0 Cr (5 Acres),₹13.5 L/Acre,Natural Agricultural Gradient,Natural Agricultural Drainage,Sweet Aquifer (195 ppm) + 2 Borewells,30 ft road access,Greenfield Agro Expressway / Logistics Belt,✅ Soil & Title Cleared,Thakur Virendra Singh Baghel (+91 94251 77109),,30-Year Revenue Title RTC / 7-12,2026-10-03 17:09:30
⚠️ Chronic Avoidance Zone,avz_mum_01,Andheri Subway & S.V. Road Lowlands,Mumbai,Basin Choke Point,CRITICAL AVOIDANCE,Severe Depreciation Risk,-4.2m below railway tracks,🔴 Critical Waterlogging & Basement Flood Risk,Drainage Choke Point / Contaminated Runoff,12 to 18 full closures per monsoon season closures/yr,"BMC installed 5 dewatering pumps (6000 m3/hr capacity), but subway remains vulnerable to extreme cloudbursts.",❌ REAL ESTATE AVOIDANCE ZONE,Municipal Corporation Zone,,Municipal Inundation Registry,2026-10-03 17:09:30
⚠️ Chronic Avoidance Zone,avz_mum_02,Kurla & Sion Chunabhatti Mithi River Basin,Mumbai,Basin Choke Point,CRITICAL AVOIDANCE,Severe Depreciation Risk,-6.0m reclaimed wetland basin,🔴 Critical Waterlogging & Basement Flood Risk,Drainage Choke Point / Contaminated Runoff,Central Railway tracks submerged 8-12 days per monsoon closures/yr,BRIMSTOWAD widening partially done; holding pond near Chunabhatti proposed.,❌ REAL ESTATE AVOIDANCE ZONE,Municipal Corporation Zone,,Municipal Inundation Registry,2026-10-03 17:09:30
⚠️ Chronic Avoidance Zone,avz_chn_01,Velachery Lakebed Inundation Zone,Chennai,Basin Choke Point,CRITICAL AVOIDANCE,Severe Depreciation Risk,-5.5m below surrounding Guindy ridge,🔴 Critical Waterlogging & Basement Flood Risk,Drainage Choke Point / Contaminated Runoff,"Flooded in 2015, 2021, 2023 (Cyclone Michaung), 2024 closures/yr","Greater Chennai Corporation widened Vijayanagar culvert, but secondary streets remain submerged for days.",❌ REAL ESTATE AVOIDANCE ZONE,Municipal Corporation Zone,,Municipal Inundation Registry,2026-10-03 17:09:30
⚠️ Chronic Avoidance Zone,avz_chn_02,Pallikaranai Marsh Encroachment Fringe,Chennai,Basin Choke Point,CRITICAL AVOIDANCE,Severe Depreciation Risk,-7.0m lowest natural sink of South Chennai,🔴 Critical Waterlogging & Basement Flood Risk,Drainage Choke Point / Contaminated Runoff,Multi-week inundation after every cyclone closures/yr,Madras High Court declared wetland buffer zone; strict enforcement against unauthorized building approvals.,❌ REAL ESTATE AVOIDANCE ZONE,Municipal Corporation Zone,,Municipal Inundation Registry,2026-10-03 17:09:30
⚠️ Chronic Avoidance Zone,avz_blr_01,Rainbow Drive Layout & Sarjapur Road SWD Choke,Bengaluru,Basin Choke Point,CRITICAL AVOIDANCE,Severe Depreciation Risk,-8.5m natural valley depression,🔴 Critical Waterlogging & Basement Flood Risk,Drainage Choke Point / Contaminated Runoff,Tractors deployed for evacuation 3 times (2022-2024) closures/yr,"BBMP reconstructed culvert across Sarjapur road, but internal villa basements remain in low-lying depression.",❌ REAL ESTATE AVOIDANCE ZONE,Municipal Corporation Zone,,Municipal Inundation Registry,2026-10-03 17:09:30
⚠️ Chronic Avoidance Zone,avz_blr_02,Bellandur EcoSpace Underpass & Service Road,Bengaluru,Basin Choke Point,CRITICAL AVOIDANCE,Severe Depreciation Risk,-6.0m below main carriageway,🔴 Critical Waterlogging & Basement Flood Risk,Drainage Choke Point / Contaminated Runoff,Flooded 4-6 times every year closures/yr,BBMP built elevated retaining walls and high-power diesel pumps.,❌ REAL ESTATE AVOIDANCE ZONE,Municipal Corporation Zone,,Municipal Inundation Registry,2026-10-03 17:09:30
⚠️ Chronic Avoidance Zone,avz_del_01,Yamuna Floodplain Settlements & Mayur Vihar Lowlands,Delhi-NCR,Basin Choke Point,CRITICAL AVOIDANCE,Severe Depreciation Risk,-2.5m below Yamuna High Flood Level (208.66m),🔴 Critical Waterlogging & Basement Flood Risk,Drainage Choke Point / Contaminated Runoff,Evacuated in 2023 record floods (Yamuna reached 208.66m) closures/yr,Delhi IFCD reinforced ITO and Mayur Vihar regulator gates.,❌ REAL ESTATE AVOIDANCE ZONE,Municipal Corporation Zone,,Municipal Inundation Registry,2026-10-03 17:09:30
⚠️ Chronic Avoidance Zone,avz_del_02,Barapullah Phase-III 90-Degree Traffic Choke Point,Delhi-NCR,Basin Choke Point,CRITICAL AVOIDANCE,Severe Depreciation Risk,Elevated Flyover Abutment,🔴 Critical Waterlogging & Basement Flood Risk,Drainage Choke Point / Contaminated Runoff,Daily peak hour speed drops to <5 km/h closures/yr,PWD Delhi planning redesign of cloverleaf loop; land acquisition pending.,❌ REAL ESTATE AVOIDANCE ZONE,Municipal Corporation Zone,,Municipal Inundation Registry,2026-10-03 17:09:30
⚠️ Chronic Avoidance Zone,avz_hyd_01,Musi River Moosarambagh & Chaderghat Lowlands,Hyderabad,Basin Choke Point,CRITICAL AVOIDANCE,Severe Depreciation Risk,-25m lowest regional valley floor,🔴 Critical Waterlogging & Basement Flood Risk,Drainage Choke Point / Contaminated Runoff,Moosarambagh causeway submerged 3-5 times annually closures/yr,Telangana Govt proposed Musi Riverfront Development Project; high-level bridge under construction.,❌ REAL ESTATE AVOIDANCE ZONE,Municipal Corporation Zone,,Municipal Inundation Registry,2026-10-03 17:09:30
⚠️ Chronic Avoidance Zone,avz_vns_01,Prayagraj Baghada & Salori Sangam Confluence,Prayagraj,Basin Choke Point,CRITICAL AVOIDANCE,Severe Depreciation Risk,-4.0m below Sangam High Flood Level (86.40m),🔴 Critical Waterlogging & Basement Flood Risk,Drainage Choke Point / Contaminated Runoff,"Flooded every August-September; 10,000+ students evacuated closures/yr","Salori pumping station upgraded, but ineffective when river levels cross 84.73m danger mark.",❌ REAL ESTATE AVOIDANCE ZONE,Municipal Corporation Zone,,Municipal Inundation Registry,2026-10-03 17:09:30
⚠️ Chronic Avoidance Zone,avz_vns_02,Varanasi Ganga-Varuna Confluence (Sarai Mohana & Konia),Varanasi,Basin Choke Point,CRITICAL AVOIDANCE,Severe Depreciation Risk,-2.5m below Ganga High Flood Level (73.90m),🔴 Critical Waterlogging & Basement Flood Risk,Drainage Choke Point / Contaminated Runoff,Flooded 7 out of last 10 monsoons closures/yr,Varuna corridor embankment retaining wall partially built under Namami Gange.,❌ REAL ESTATE AVOIDANCE ZONE,Municipal Corporation Zone,,Municipal Inundation Registry,2026-10-03 17:09:30
⚠️ Chronic Avoidance Zone,avz_vns_03,Jaunpur Gomti River Shahi Bridge Hydraulic Choke,Jaunpur,Basin Choke Point,CRITICAL AVOIDANCE,Severe Depreciation Risk,-3.0m below Gomti river embankment,🔴 Critical Waterlogging & Basement Flood Risk,Drainage Choke Point / Contaminated Runoff,Flooded during intense Gomti catchment downpours closures/yr,"New bypass bridge operational, but inner city market streets remain bottlenecked.",❌ REAL ESTATE AVOIDANCE ZONE,Municipal Corporation Zone,,Municipal Inundation Registry,2026-10-03 17:09:30
⚠️ Chronic Avoidance Zone,az_goa_mandovi,Mandovi River Estuary & Ribandar Causeway Lowlands,Goa,Basin Choke Point,CRITICAL AVOIDANCE,Severe Depreciation Risk,-1.8m below high tide datum,🔴 Critical Waterlogging & Basement Flood Risk,Drainage Choke Point / Contaminated Runoff,12-18 days during Southwest Monsoon closures/yr,WRD sluice gate upgrade ongoing; reclamation banned under Coastal Regulation Zone norms.,❌ REAL ESTATE AVOIDANCE ZONE,Municipal Corporation Zone,,Municipal Inundation Registry,2026-10-03 17:09:30
⚠️ Chronic Avoidance Zone,az_pb_buddha_nullah,Buddha Nullah Industrial Low-Lying Catchment,Punjab & Haryana,Basin Choke Point,CRITICAL AVOIDANCE,Severe Depreciation Risk,-4.5m vs city plateau,🔴 Critical Waterlogging & Basement Flood Risk,Drainage Choke Point / Contaminated Runoff,8-12 days of severe seasonal flood alert closures/yr,Rejuvenation project under PPCB (₹650 Cr outlay); strict residential avoidance zone.,❌ REAL ESTATE AVOIDANCE ZONE,Municipal Corporation Zone,,Municipal Inundation Registry,2026-10-03 17:09:30
⚠️ Chronic Avoidance Zone,avoid_lko_1,Gomti River Low-Lying Floodplain & Pipraghat Depression,Lucknow,226010,CRITICAL AVOIDANCE,Severe Depreciation Risk,-1.5m vs datum,🔴 Critical Waterlogging & Basement Flood Risk,Drainage Choke Point / Contaminated Runoff,15-25 days closures/yr,Avoid basements and ground-floor residential plots in this unembanked floodplain zone.,❌ REAL ESTATE AVOIDANCE ZONE,Municipal Corporation Zone,,Municipal Inundation Registry,2026-10-03 17:09:30
⚠️ Chronic Avoidance Zone,avoid_lko_2,Kukrail Nala - Old City Culvert Bottleneck (Ghaus Mohammad / Chowk),Lucknow,226003,CRITICAL AVOIDANCE,Severe Depreciation Risk,-1.5m vs datum,🔴 Critical Waterlogging & Basement Flood Risk,Drainage Choke Point / Contaminated Runoff,15-25 days closures/yr,Avoid low-contour plots within 250m of the Kukrail confluence culverts.,❌ REAL ESTATE AVOIDANCE ZONE,Municipal Corporation Zone,,Municipal Inundation Registry,2026-10-03 17:09:30
⚠️ Chronic Avoidance Zone,az_goa_2,Panaji Patto Plaza & Mala Basin Tidal Backflow,Goa,Basin Choke Point,CRITICAL AVOIDANCE,Severe Depreciation Risk,-1.8m (Below High Tide Level),🔴 Critical Waterlogging & Basement Flood Risk,Drainage Choke Point / Contaminated Runoff,12-16 Days (Monsoon High Tides) closures/yr,GSIDC smart city floodgates and automated dewatering pumps installed with partial relief.,❌ REAL ESTATE AVOIDANCE ZONE,Municipal Corporation Zone,,Municipal Inundation Registry,2026-10-03 17:09:30
⚠️ Chronic Avoidance Zone,az_punjab_2,Ghaggar River Lowlands & Dera Bassi Industrial Basin (Mohali Peripheral),Punjab & Haryana,Basin Choke Point,CRITICAL AVOIDANCE,Severe Depreciation Risk,-3.2m (River Basin Depression),🔴 Critical Waterlogging & Basement Flood Risk,Drainage Choke Point / Contaminated Runoff,6-10 Days during heavy Himalayan catchment rainfall closures/yr,Punjab Drainage Department seasonal dredging and earthen embankment reinforcement.,❌ REAL ESTATE AVOIDANCE ZONE,Municipal Corporation Zone,,Municipal Inundation Registry,2026-10-03 17:09:30
