Rank,Hotspot_Name,City_Corridor,Vulnerability_Severity,Primary_Flood_Driver,Elevation_Delta_vs_Datum,Historical_Monsoon_Inundation_Days,Municipal_Mitigation_Project,Real_Estate_Capital_Impact,Pincode
#1,Andheri Subway & S.V. Road Lowlands,Mumbai,CRITICAL AVOIDANCE,Tidal backflow from Mogara Nullah during high sea tide (>4.5m) coinciding with rainfall >40mm/hr.,-4.2m below railway tracks,12 to 18 full closures per monsoon season,"BMC installed 5 dewatering pumps (6000 m3/hr capacity), but subway remains vulnerable to extreme cloudbursts.","Severe ground-floor property dampness, subterranean car park flooding, 1.5 - 2 hour traffic diversions.",Metro Ward
#2,Kurla & Sion Chunabhatti Mithi River Basin,Mumbai,CRITICAL AVOIDANCE,Mithi river bottlenecks under CST Road Bridge and Kurla railway culverts. Encroached river channel.,-6.0m reclaimed wetland basin,Central Railway tracks submerged 8-12 days per monsoon,BRIMSTOWAD widening partially done; holding pond near Chunabhatti proposed.,"Property value stagnation, structural dampness, severe vehicle damage, uninsurable basements.",Metro Ward
#3,Velachery Lakebed Inundation Zone,Chennai,CRITICAL AVOIDANCE,Construction on natural Velachery lakebed and secondary drainage channels to Pallikaranai marsh.,-5.5m below surrounding Guindy ridge,"Flooded in 2015, 2021, 2023 (Cyclone Michaung), 2024","Greater Chennai Corporation widened Vijayanagar culvert, but secondary streets remain submerged for days.",Boats deployed for rescue; residents park cars on bypass flyovers during cyclone alerts; high rental discount in winter.,Metro Ward
#4,Pallikaranai Marsh Encroachment Fringe,Chennai,CRITICAL AVOIDANCE,"Marshland area shrunk from 5,000 hectares to under 600 hectares due to unauthorized colonisation and dumping.",-7.0m lowest natural sink of South Chennai,Multi-week inundation after every cyclone,Madras High Court declared wetland buffer zone; strict enforcement against unauthorized building approvals.,"Legal title scrutiny, high groundwater salinity (>850 ppm TDS), severe basement flooding.",Metro Ward
#5,Rainbow Drive Layout & Sarjapur Road SWD Choke,Bengaluru,CRITICAL AVOIDANCE,Layout built across Halanayakanahalli lake surplus storm water drain; upstream lake overflows directly through entrance arch.,-8.5m natural valley depression,Tractors deployed for evacuation 3 times (2022-2024),"BBMP reconstructed culvert across Sarjapur road, but internal villa basements remain in low-lying depression.","Severe property price correction, high legal disputes, multi-lakh monsoon drainage pumping costs.",Metro Ward
#6,Bellandur EcoSpace Underpass & Service Road,Bengaluru,HIGH MONSOON AVOIDANCE,K&C valley stormwater drain narrows under the Outer Ring Road service road; siltation causes reverse overflow.,-6.0m below main carriageway,Flooded 4-6 times every year,BBMP built elevated retaining walls and high-power diesel pumps.,1.5 - 3 hour commute delays across entire Outer Ring Road tech corridor during 50mm+ rainfall.,Metro Ward
#7,Yamuna Floodplain Settlements & Mayur Vihar Lowlands,Delhi-NCR,CRITICAL AVOIDANCE,Unauthorized construction within active river floodplains and backflow into Shahdara drain.,-2.5m below Yamuna High Flood Level (208.66m),Evacuated in 2023 record floods (Yamuna reached 208.66m),Delhi IFCD reinforced ITO and Mayur Vihar regulator gates.,"High flood hazard, structural inundation up to ground floor ceiling during release from Hathnikund Barrage.",Metro Ward
#8,Barapullah Phase-III 90-Degree Traffic Choke Point,Delhi-NCR,CHRONIC TRAFFIC AVOIDANCE,Flawed civil engineering design: multi-lane expressway merges abruptly into a 90-degree narrow exit lane at Mayur Vihar/Noida border.,Elevated Flyover Abutment,Daily peak hour speed drops to <5 km/h,PWD Delhi planning redesign of cloverleaf loop; land acquisition pending.,45-60 minutes wasted daily per commuter connecting South Delhi to East Delhi/Noida.,Metro Ward
#9,Musi River Moosarambagh & Chaderghat Lowlands,Hyderabad,CRITICAL AVOIDANCE,Hydraulic release from Osmansagar and Himayatsagar dams directly floods low-lying riverbed colonies.,-25m lowest regional valley floor,Moosarambagh causeway submerged 3-5 times annually,Telangana Govt proposed Musi Riverfront Development Project; high-level bridge under construction.,"Colonies evacuated during monsoon; poor sanitation, structural damage, zero institutional home loan approvals.",Metro Ward
#10,Prayagraj Baghada & Salori Sangam Confluence,Prayagraj,CRITICAL AVOIDANCE,"Dual backwater surge: swollen Yamuna blocks Ganga outflow, causing water to pool into low-lying natural bowl colonies.",-4.0m below Sangam High Flood Level (86.40m),"Flooded every August-September; 10,000+ students evacuated","Salori pumping station upgraded, but ineffective when river levels cross 84.73m danger mark.",Extreme seasonal flood avoidance; student lodges submerge up to 1st floor; heavy mud and epidemic risk.,Metro Ward
#11,Varanasi Ganga-Varuna Confluence (Sarai Mohana & Konia),Varanasi,CRITICAL AVOIDANCE,"Ganga backwaters push up the Varuna tributary for 8 km, inundating all low-lying riverbank developments.",-2.5m below Ganga High Flood Level (73.90m),Flooded 7 out of last 10 monsoons,Varuna corridor embankment retaining wall partially built under Namami Gange.,Houses inundated up to 6-8 feet; heavy silt deposition; strict avoidance for residential home purchases.,Metro Ward
#12,Jaunpur Gomti River Shahi Bridge Hydraulic Choke,Jaunpur,DUAL FLOOD & TRAFFIC AVOIDANCE,Narrow stone arches of 16th-century Mughal Shahi Bridge obstruct swollen river flow and create 2-hour road bottlenecks.,-3.0m below Gomti river embankment,Flooded during intense Gomti catchment downpours,"New bypass bridge operational, but inner city market streets remain bottlenecked.",High flood hazard for riverbank properties within 400m; severe commercial gridlock.,Metro Ward
#13,Mandovi River Estuary & Ribandar Causeway Lowlands,Goa,Critical Avoidance,Tidal backflow during spring tides (>2.8m) submerges the causeway and adjacent ground floor basements; strict CRZ-I/II non-development restrictions.,-1.8m below high tide datum,12-18 days during Southwest Monsoon,WRD sluice gate upgrade ongoing; reclamation banned under Coastal Regulation Zone norms.,"High corrosion of coastal structures, non-regularized illegal constructions facing NGT notices.",Metro Ward
#14,Buddha Nullah Industrial Low-Lying Catchment,Punjab & Haryana,Critical Avoidance,Toxic dye discharge and raw effluent overflow into seasonal stream depression; heavy metal soil contamination and basement seepage.,-4.5m vs city plateau,8-12 days of severe seasonal flood alert,Rejuvenation project under PPCB (₹650 Cr outlay); strict residential avoidance zone.,"Negative property capital appreciation, contaminated groundwater (TDS > 1200 ppm, heavy lead/cadmium trace).",Metro Ward
#15,Gomti River Low-Lying Floodplain & Pipraghat Depression,Lucknow,"High (Submergence during river discharge > 40,000 cusecs)",Low-lying riverbed depression outside the engineered Gomti Riverfront retaining bund; prone to seasonal flood inundation and zero drainage runoff.,-1.5m vs datum,15-25 days/year,Avoid basements and ground-floor residential plots in this unembanked floodplain zone.,Basement flood risk and vehicular access cutoff,226010
#16,Kukrail Nala - Old City Culvert Bottleneck (Ghaus Mohammad / Chowk),Lucknow,Severe (Chronic waterlogging during >50mm/hr rains),Inadequate cross-drainage culverts under old railway and arterial embankments causing rapid water buildup and sewer backflow into residential basements.,-1.5m vs datum,15-25 days/year,Avoid low-contour plots within 250m of the Kukrail confluence culverts.,Basement flood risk and vehicular access cutoff,226003
#17,Panaji Patto Plaza & Mala Basin Tidal Backflow,Goa,Critical Avoidance (Coastal Silt & Tidal Submergence),Ouaem / Mala canal siltation pushing saline backflow into basement car parks and commercial plazas.,-1.8m (Below High Tide Level),12-16 Days (Monsoon High Tides),GSIDC smart city floodgates and automated dewatering pumps installed with partial relief.,Severe ground-floor retail inundation and saline corrosion to basement mechanical equipment.,Metro Ward
#18,Ghaggar River Lowlands & Dera Bassi Industrial Basin (Mohali Peripheral),Punjab & Haryana,High Stress Avoidance (Riverine Flash Spillover),Unchecked runoff from Shivalik foothills causing Ghaggar riverbanks to breach near unapproved plotted layouts.,-3.2m (River Basin Depression),6-10 Days during heavy Himalayan catchment rainfall,Punjab Drainage Department seasonal dredging and earthen embankment reinforcement.,Disrupted highway connectivity and flood risks in non-RERA unauthorized colony layouts.,Metro Ward
