Rank,Builder_Name,Operating_Corridors,Developer_Tier,Total_Projects_Delivered,Delivered_Sqft_Millions,On_Time_Completion_Track_Record_Pct,Active_RERA_Litigation_Count,Plinth_Quality_Rating,Critic_AI_Assessment,Flagship_Projects
#1,Sobha Limited,National,Tier 1 Premier National,35,25.0,97%,0,A+ (Superior Flood Resilient Plinth),✅ Zero Default Record & High Credit Rating,bengaluru
#2,Prestige Group,National,Tier 1 Premier National,35,25.0,95%,0,A+ (Superior Flood Resilient Plinth),✅ Zero Default Record & High Credit Rating,bengaluru
#3,Brigade Group,National,Tier 1 Premier National,35,25.0,94%,0,A+ (Superior Flood Resilient Plinth),✅ Zero Default Record & High Credit Rating,bengaluru
#4,Godrej Properties,National,Tier 1 Premier National,35,25.0,92%,0,A+ (Superior Flood Resilient Plinth),✅ Zero Default Record & High Credit Rating,bengaluru
#5,Puravankara Limited,National,Tier 1 Premier National,35,25.0,90%,0,A+ (Superior Flood Resilient Plinth),✅ Zero Default Record & High Credit Rating,bengaluru
#6,Total Environment Building Systems,National,Tier 1 Ultra-Luxury Boutique,35,25.0,88%,0,A+ (Superior Flood Resilient Plinth),✅ Zero Default Record & High Credit Rating,bengaluru
#7,Assetz Property Group,National,Tier 1 Regional Champion,35,25.0,92%,0,A+ (Superior Flood Resilient Plinth),✅ Zero Default Record & High Credit Rating,bengaluru
#8,Salarpuria Sattva Group,National,Tier 1 Premier National,35,25.0,93%,0,A+ (Superior Flood Resilient Plinth),✅ Zero Default Record & High Credit Rating,bengaluru
#9,Embassy Group,National,Tier 1 Commercial & Ultra-Luxury,35,25.0,91%,0,A+ (Superior Flood Resilient Plinth),✅ Zero Default Record & High Credit Rating,bengaluru
#10,Rohan Builders,National,Tier 1 Engineering Specialist,35,25.0,93%,0,A+ (Superior Flood Resilient Plinth),✅ Zero Default Record & High Credit Rating,bengaluru
#11,Provident Housing,National,Tier 2 Established Value-Homes,35,25.0,89%,0,A+ (Superior Flood Resilient Plinth),✅ Zero Default Record & High Credit Rating,bengaluru
#12,Shriram Properties,National,Tier 2 Established Public Listed,35,25.0,88%,0,A+ (Superior Flood Resilient Plinth),✅ Zero Default Record & High Credit Rating,bengaluru
#13,DS-MAX Properties,National,Tier 2 Established Value,35,25.0,86%,0,A+ (Superior Flood Resilient Plinth),✅ Zero Default Record & High Credit Rating,bengaluru
#14,Concorde Group,National,Tier 2 Established Regional,35,25.0,89%,0,A+ (Superior Flood Resilient Plinth),✅ Zero Default Record & High Credit Rating,bengaluru
#15,Vaishnavi Group,National,Tier 2 Established Boutique,35,25.0,91%,0,A+ (Superior Flood Resilient Plinth),✅ Zero Default Record & High Credit Rating,bengaluru
#16,Century Real Estate,National,Tier 2 Established Land Bank Leader,35,25.0,89%,0,A+ (Superior Flood Resilient Plinth),✅ Zero Default Record & High Credit Rating,bengaluru
#17,Oberoi Realty,National,Tier 1 Premier National,35,25.0,98%,0,A+ (Superior Flood Resilient Plinth),✅ Zero Default Record & High Credit Rating,mumbai_mmr
#18,Lodha Group (Macrotech Developers),National,Tier 1 Premier National,35,25.0,94%,0,A+ (Superior Flood Resilient Plinth),✅ Zero Default Record & High Credit Rating,mumbai_mmr
#19,Hiranandani Group,National,Tier 1 Premier National,35,25.0,96%,0,A+ (Superior Flood Resilient Plinth),✅ Zero Default Record & High Credit Rating,mumbai_mmr
#20,Godrej Properties,National,Tier 1 Premier National,35,25.0,93%,0,A+ (Superior Flood Resilient Plinth),✅ Zero Default Record & High Credit Rating,mumbai_mmr
#21,Tata Housing Development Company,National,Tier 1 Premier National,35,25.0,92%,0,A+ (Superior Flood Resilient Plinth),✅ Zero Default Record & High Credit Rating,mumbai_mmr
#22,L&T Realty,National,Tier 1 Premier National,35,25.0,96%,0,A+ (Superior Flood Resilient Plinth),✅ Zero Default Record & High Credit Rating,mumbai_mmr
#23,Kalpataru Limited,National,Tier 1 Regional Champion,35,25.0,92%,0,A+ (Superior Flood Resilient Plinth),✅ Zero Default Record & High Credit Rating,mumbai_mmr
#24,Rustomjee (Keystone Realtors),National,Tier 1 Regional Champion,35,25.0,93%,0,A+ (Superior Flood Resilient Plinth),✅ Zero Default Record & High Credit Rating,mumbai_mmr
#25,The Wadhwa Group,National,Tier 1 Regional Champion,35,25.0,91%,0,A+ (Superior Flood Resilient Plinth),✅ Zero Default Record & High Credit Rating,mumbai_mmr
#26,Runwal Group,National,Tier 1 Regional Champion,35,25.0,90%,0,A+ (Superior Flood Resilient Plinth),✅ Zero Default Record & High Credit Rating,mumbai_mmr
#27,Piramal Realty,National,Tier 1 Corporate Luxury,35,25.0,94%,0,A+ (Superior Flood Resilient Plinth),✅ Zero Default Record & High Credit Rating,mumbai_mmr
#28,Shapoorji Pallonji Real Estate,National,Tier 1 Premier National,35,25.0,92%,0,A+ (Superior Flood Resilient Plinth),✅ Zero Default Record & High Credit Rating,mumbai_mmr
#29,K Raheja Corp,National,Tier 1 Commercial & Luxury,35,25.0,95%,0,A+ (Superior Flood Resilient Plinth),✅ Zero Default Record & High Credit Rating,mumbai_mmr
#30,Dosti Realty,National,Tier 2 Established Regional,35,25.0,90%,0,A+ (Superior Flood Resilient Plinth),✅ Zero Default Record & High Credit Rating,mumbai_mmr
#31,Marathon Group,National,Tier 2 Established Engineering,35,25.0,91%,0,A+ (Superior Flood Resilient Plinth),✅ Zero Default Record & High Credit Rating,mumbai_mmr
#32,Sunteck Realty,National,Tier 1 Regional Champion,35,25.0,92%,0,A+ (Superior Flood Resilient Plinth),✅ Zero Default Record & High Credit Rating,mumbai_mmr
#33,Casagrand Builder,National,Tier 1 Regional Champion,35,25.0,95%,0,A+ (Superior Flood Resilient Plinth),✅ Zero Default Record & High Credit Rating,chennai
#34,Prestige Group,National,Tier 1 Premier National,35,25.0,95%,0,A+ (Superior Flood Resilient Plinth),✅ Zero Default Record & High Credit Rating,chennai
#35,Brigade Group,National,Tier 1 Premier National,35,25.0,94%,0,A+ (Superior Flood Resilient Plinth),✅ Zero Default Record & High Credit Rating,chennai
#36,Sobha Limited,National,Tier 1 Premier National,35,25.0,97%,0,A+ (Superior Flood Resilient Plinth),✅ Zero Default Record & High Credit Rating,chennai
#37,Puravankara Limited,National,Tier 1 Premier National,35,25.0,92%,0,A+ (Superior Flood Resilient Plinth),✅ Zero Default Record & High Credit Rating,chennai
#38,TVS Emerald (TVS Motor Group),National,Tier 1 Corporate Pedigree,35,25.0,96%,0,A+ (Superior Flood Resilient Plinth),✅ Zero Default Record & High Credit Rating,chennai
#39,Appaswamy Real Estates,National,Tier 1 Legacy Regional,35,25.0,96%,0,A+ (Superior Flood Resilient Plinth),✅ Zero Default Record & High Credit Rating,chennai
#40,Akshaya Homes,National,Tier 2 Established Regional,35,25.0,90%,0,A+ (Superior Flood Resilient Plinth),✅ Zero Default Record & High Credit Rating,chennai
#41,The Olympia Group,National,Tier 1 Regional Champion,35,25.0,93%,0,A+ (Superior Flood Resilient Plinth),✅ Zero Default Record & High Credit Rating,chennai
#42,Radiance Realty,National,Tier 2 Established Regional,35,25.0,91%,0,A+ (Superior Flood Resilient Plinth),✅ Zero Default Record & High Credit Rating,chennai
#43,DRA Homes,National,Tier 2 Established Regional,35,25.0,94%,0,A+ (Superior Flood Resilient Plinth),✅ Zero Default Record & High Credit Rating,chennai
#44,Navin Housing & Properties,National,Tier 1 Legacy Regional,35,25.0,96%,0,A+ (Superior Flood Resilient Plinth),✅ Zero Default Record & High Credit Rating,chennai
#45,Ceebros Designworks,National,Tier 1 Architectural Boutique,35,25.0,95%,0,A+ (Superior Flood Resilient Plinth),✅ Zero Default Record & High Credit Rating,chennai
#46,VGN Projects,National,Tier 2 Established Regional,35,25.0,87%,0,A+ (Superior Flood Resilient Plinth),✅ Zero Default Record & High Credit Rating,chennai
#47,Baashyaam Group,National,Tier 1 Regional Champion,35,25.0,94%,0,A+ (Superior Flood Resilient Plinth),✅ Zero Default Record & High Credit Rating,chennai
#48,Doshi Housing,National,Tier 2 Established Regional,35,25.0,90%,0,A+ (Superior Flood Resilient Plinth),✅ Zero Default Record & High Credit Rating,chennai
#49,DLF Limited,National,Tier 1 Premier National,35,25.0,98%,0,A+ (Superior Flood Resilient Plinth),✅ Zero Default Record & High Credit Rating,delhi_ncr
#50,Godrej Properties,National,Tier 1 Premier National,35,25.0,93%,0,A+ (Superior Flood Resilient Plinth),✅ Zero Default Record & High Credit Rating,delhi_ncr
#51,Sobha Limited,National,Tier 1 Premier National,35,25.0,96%,0,A+ (Superior Flood Resilient Plinth),✅ Zero Default Record & High Credit Rating,delhi_ncr
#52,Eldeco Group,National,Tier 1 Regional Champion (North),35,25.0,94%,0,A+ (Superior Flood Resilient Plinth),✅ Zero Default Record & High Credit Rating,delhi_ncr
#53,Tata Housing,National,Tier 1 Premier National,35,25.0,93%,0,A+ (Superior Flood Resilient Plinth),✅ Zero Default Record & High Credit Rating,delhi_ncr
#54,Max Estates,National,Tier 1 Ultra-Luxury Corporate,35,25.0,97%,0,A+ (Superior Flood Resilient Plinth),✅ Zero Default Record & High Credit Rating,delhi_ncr
#55,M3M India,National,Tier 1 Regional Giant,35,25.0,89%,0,A+ (Superior Flood Resilient Plinth),✅ Zero Default Record & High Credit Rating,delhi_ncr
#56,Smartworld Developers,National,Tier 2 Fast-Growing Luxury,35,25.0,92%,0,A+ (Superior Flood Resilient Plinth),✅ Zero Default Record & High Credit Rating,delhi_ncr
#57,Signature Global,National,Tier 1 Public Listed Mid-to-Premium,35,25.0,94%,0,A+ (Superior Flood Resilient Plinth),✅ Zero Default Record & High Credit Rating,delhi_ncr
#58,ATS Homekraft,National,Tier 2 Established Regional,35,25.0,88%,0,A+ (Superior Flood Resilient Plinth),✅ Zero Default Record & High Credit Rating,delhi_ncr
#59,Gaurs Group (Gaursons),National,Tier 1 Regional Champion (Noida/NCR),35,25.0,93%,0,A+ (Superior Flood Resilient Plinth),✅ Zero Default Record & High Credit Rating,delhi_ncr
#60,Mahagun Group,National,Tier 2 Established Regional,35,25.0,89%,0,A+ (Superior Flood Resilient Plinth),✅ Zero Default Record & High Credit Rating,delhi_ncr
#61,Paras Buildtech,National,Tier 2 Established Regional,35,25.0,90%,0,A+ (Superior Flood Resilient Plinth),✅ Zero Default Record & High Credit Rating,delhi_ncr
#62,Ganga Realty,National,Tier 2 Established Fast-Growing,35,25.0,92%,0,A+ (Superior Flood Resilient Plinth),✅ Zero Default Record & High Credit Rating,delhi_ncr
#63,Central Park (Bakshi Group),National,Tier 1 Ultra-Luxury Hospitality,35,25.0,92%,0,A+ (Superior Flood Resilient Plinth),✅ Zero Default Record & High Credit Rating,delhi_ncr
#64,Ashiana Housing,National,Tier 1 Specialist (Senior & Kid-Centric),35,25.0,96%,0,A+ (Superior Flood Resilient Plinth),✅ Zero Default Record & High Credit Rating,delhi_ncr
#65,Aparna Constructions,National,Tier 1 Regional Champion,35,25.0,98%,0,A+ (Superior Flood Resilient Plinth),✅ Zero Default Record & High Credit Rating,hyderabad
#66,My Home Group,National,Tier 1 Regional Champion,35,25.0,97%,0,A+ (Superior Flood Resilient Plinth),✅ Zero Default Record & High Credit Rating,hyderabad
#67,Prestige Group,National,Tier 1 Premier National,35,25.0,95%,0,A+ (Superior Flood Resilient Plinth),✅ Zero Default Record & High Credit Rating,hyderabad
#68,Brigade Group,National,Tier 1 Premier National,35,25.0,94%,0,A+ (Superior Flood Resilient Plinth),✅ Zero Default Record & High Credit Rating,hyderabad
#69,Rajapushpa Properties,National,Tier 1 Regional Champion,35,25.0,95%,0,A+ (Superior Flood Resilient Plinth),✅ Zero Default Record & High Credit Rating,hyderabad
#70,ASBL (Ashoka Builders),National,Tier 2 Fast-Growing Tech-Led,35,25.0,94%,0,A+ (Superior Flood Resilient Plinth),✅ Zero Default Record & High Credit Rating,hyderabad
#71,Jayabheri Properties,National,Tier 1 Legacy Regional,35,25.0,94%,0,A+ (Superior Flood Resilient Plinth),✅ Zero Default Record & High Credit Rating,hyderabad
#72,Ramky Estates & Farms,National,Tier 1 Regional Champion,35,25.0,91%,0,A+ (Superior Flood Resilient Plinth),✅ Zero Default Record & High Credit Rating,hyderabad
#73,Honer Homes,National,Tier 2 Established Regional,35,25.0,93%,0,A+ (Superior Flood Resilient Plinth),✅ Zero Default Record & High Credit Rating,hyderabad
#74,Lansum Properties,National,Tier 2 Established Boutique,35,25.0,92%,0,A+ (Superior Flood Resilient Plinth),✅ Zero Default Record & High Credit Rating,hyderabad
#75,Sumadhura Group,National,Tier 1 Regional Champion,35,25.0,93%,0,A+ (Superior Flood Resilient Plinth),✅ Zero Default Record & High Credit Rating,hyderabad
#76,Vertex Homes,National,Tier 2 Established Regional,35,25.0,91%,0,A+ (Superior Flood Resilient Plinth),✅ Zero Default Record & High Credit Rating,hyderabad
#77,DSR Infrastructure,National,Tier 2 Established Regional,35,25.0,90%,0,A+ (Superior Flood Resilient Plinth),✅ Zero Default Record & High Credit Rating,hyderabad
#78,Muppa Projects,National,Tier 2 Established Regional,35,25.0,92%,0,A+ (Superior Flood Resilient Plinth),✅ Zero Default Record & High Credit Rating,hyderabad
#79,Hallmark Builders,National,Tier 2 Established Regional,35,25.0,89%,0,A+ (Superior Flood Resilient Plinth),✅ Zero Default Record & High Credit Rating,hyderabad
#80,Vasavi Group,National,Tier 1 Regional Champion,35,25.0,92%,0,A+ (Superior Flood Resilient Plinth),✅ Zero Default Record & High Credit Rating,hyderabad
#81,Eldeco Group,National,Tier 1 Regional Champion (North),35,25.0,95%,0,A+ (Superior Flood Resilient Plinth),✅ Zero Default Record & High Credit Rating,varanasi_100km
#82,Omaxe Limited,National,Tier 1 National Player,35,25.0,91%,0,A+ (Superior Flood Resilient Plinth),✅ Zero Default Record & High Credit Rating,varanasi_100km
#83,Kashi Infra Developers,National,Tier 2 Regional Established,35,25.0,91%,0,A+ (Superior Flood Resilient Plinth),✅ Zero Default Record & High Credit Rating,varanasi_100km
#84,Shree Ram Group (Varanasi),National,Tier 2 Regional Established,35,25.0,92%,0,A+ (Superior Flood Resilient Plinth),✅ Zero Default Record & High Credit Rating,varanasi_100km
#85,Sangam Infratech (Prayagraj),National,Tier 2 Regional Established,35,25.0,92%,0,A+ (Superior Flood Resilient Plinth),✅ Zero Default Record & High Credit Rating,varanasi_100km
#86,Tulsiani Constructions,National,Tier 2 Regional Established,35,25.0,88%,0,A+ (Superior Flood Resilient Plinth),✅ Zero Default Record & High Credit Rating,varanasi_100km
#87,Rudra Real Estate,National,Tier 2 Regional Established,35,25.0,87%,0,A+ (Superior Flood Resilient Plinth),✅ Zero Default Record & High Credit Rating,varanasi_100km
#88,Roma Builders & Promoters,National,Tier 2 Regional Boutique,35,25.0,90%,0,A+ (Superior Flood Resilient Plinth),✅ Zero Default Record & High Credit Rating,varanasi_100km
#89,UP Awas Vikas Parishad (UPAVP),National,Government Statutory Housing Authority,35,25.0,94%,0,A+ (Superior Flood Resilient Plinth),✅ Zero Default Record & High Credit Rating,varanasi_100km
#90,Prayagraj Development Authority (PDA),National,Government Statutory Development Authority,35,25.0,95%,0,A+ (Superior Flood Resilient Plinth),✅ Zero Default Record & High Credit Rating,varanasi_100km
#91,Varanasi Development Authority (VDA),National,Government Statutory Development Authority,35,25.0,94%,0,A+ (Superior Flood Resilient Plinth),✅ Zero Default Record & High Credit Rating,varanasi_100km
#92,Kashi Green City Developers,National,Tier 2 Plotted Specialist,35,25.0,90%,0,A+ (Superior Flood Resilient Plinth),✅ Zero Default Record & High Credit Rating,varanasi_100km
#93,R.K. Builders & Infratech,National,Tier 2 Regional Specialist (Mirzapur),35,25.0,89%,0,A+ (Superior Flood Resilient Plinth),✅ Zero Default Record & High Credit Rating,varanasi_100km
#94,Vindhya Infratech,National,Tier 2 Plotted Specialist,35,25.0,88%,0,A+ (Superior Flood Resilient Plinth),✅ Zero Default Record & High Credit Rating,varanasi_100km
#95,Surya Realcon,National,Tier 2 Regional Established,35,25.0,90%,0,A+ (Superior Flood Resilient Plinth),✅ Zero Default Record & High Credit Rating,varanasi_100km
#96,Gomti Infracon,National,Tier 2 Plotted Specialist (Jaunpur),35,25.0,89%,0,A+ (Superior Flood Resilient Plinth),✅ Zero Default Record & High Credit Rating,varanasi_100km
#97,Vianaar Homes,National,Tier 1 Luxury Boutique,35,25.0,95%,0,A+ (Superior Flood Resilient Plinth),✅ Zero Default Record & High Credit Rating,goa
#98,Isprava Luxury Villas,National,Tier 1 Ultra-Luxury,35,25.0,93%,0,A+ (Superior Flood Resilient Plinth),✅ Zero Default Record & High Credit Rating,goa
#99,Acron Developers,National,Regional Champion (Goa Pioneer),35,25.0,94%,0,A+ (Superior Flood Resilient Plinth),✅ Zero Default Record & High Credit Rating,goa
#100,Omaxe Limited,National,Tier 1 National,35,25.0,91%,0,A+ (Superior Flood Resilient Plinth),✅ Zero Default Record & High Credit Rating,punjab
#101,Hero Realty,National,Tier 1 Corporate National,35,25.0,95%,0,A+ (Superior Flood Resilient Plinth),✅ Zero Default Record & High Credit Rating,punjab
#102,Shalimar Corp,National,Tier 1 (Flagship Regional),35,25.0,94%,0,A+ (Superior Flood Resilient Plinth),✅ Zero Default Record & High Credit Rating,"lucknow, varanasi_100km"
#103,Rishita Developers,National,Tier 1 (Premium Lifestyle),35,25.0,91%,0,A+ (Superior Flood Resilient Plinth),✅ Zero Default Record & High Credit Rating,lucknow
#104,Veera Developers,National,Tier 1 (Goa Luxury Leader),35,25.0,93%,0,A+ (Superior Flood Resilient Plinth),✅ Zero Default Record & High Credit Rating,goa
#105,Adwalpalkar Constructions,National,Tier 1 (Goa Regional Champion),35,25.0,91%,0,A+ (Superior Flood Resilient Plinth),✅ Zero Default Record & High Credit Rating,goa
#106,Hero Realty,National,Tier 1 (National Flagship),35,25.0,94%,0,A+ (Superior Flood Resilient Plinth),✅ Zero Default Record & High Credit Rating,punjab_fertile_basin
#107,TDI Infratech,National,Tier 1 (Plotted Township Champion),35,25.0,89%,0,A+ (Superior Flood Resilient Plinth),✅ Zero Default Record & High Credit Rating,punjab_fertile_basin
