Rank_National,Farmland_Estate_Name,City_Corridor,Tehsil_District,Contiguous_Extent_Acres,Price_Per_Acre_Lakhs,Total_Outlay_Cr,Soil_Type_and_Texture,Soil_pH_Level,Organic_Carbon_Pct,Operational_Borewells_Count,Borewell_Water_Yield_Inches,Canal_Irrigation_Feeder,Water_Salinity_TDS_ppm,Supported_Commercial_Crops,Feasible_High_Value_Crops,Projected_Annual_Harvest_Revenue_Per_Acre,Title_Purity_Verification_Status,Revenue_Record_Type,Farmhouse_Builtup_Permission,Road_Approach_Width_Feet,Distance_to_City_Center_km,Seller_Type,Contact_Person,Contact_Phone,WhatsApp_Chat_Link,Critic_AI_Agro_Audit,Critic_AI_Notes,Farmland_Suitability_Score,Google_Maps_Pin,Last_Audit_Timestamp
#1,Kanakapura Valley Avocado & Sandalwood Estate,Bengaluru,"Harohalli - Maralawadi Road, Kanakapura Taluk",5.0,58.0,2.25,"Deep Red Sandy Loam (High Iron & Potassium, excellent aeration)",6.8,0.76,2,2.5 inches perennially,Perennial canal feeder rights,290,"{'high_value_crops': 'Hass Avocado, Certified White Sandalwood (Santalum album), Dragon Fruit (Pitaya)', 'horticulture_fruits': 'Alphonso Mango, Taiwan Pink Guava, Fig (Anjeer)', 'cash_crops_staples': 'Turmeric, Ginger, Organic Vegetables, Fodder grass'}",,₹4.5 - ₹7.5 Lakhs/Acre,30-Year Clear Revenue Title (Patta/RTC),"Clean RTC / Pahani (Column 9 & 10 clear), Mutation Extract certified",Permissible up to 10% built-up,30 Feet Tar Road,28,Direct Farmer / Landowner,Anand Gowda (Direct Landowner),+91 98452 11098,,✅ Critic AI Soil & Title Cleared,Excellent groundwater and agricultural yield potential,90,,2026-10-03 13:08:43
#2,Ramanagara Silk-Route Managed Farmland,Bengaluru,"Kootagal Hobli, Ramanagara (Bengaluru-Mysuru Expressway belt)",5.0,72.0,2.25,Rich Red Loam with alluvial clay subsoil (Strong moisture retention),6.9,0.81,2,2.5 inches perennially,Perennial canal feeder rights,260,"{'high_value_crops': 'Red Dragon Fruit (Pitaya trellis setup), Teakwood, Malabar Neem (Melia Dubia)', 'horticulture_fruits': 'Banganapalli & Mallika Mango, Sapota (Chiku), Custard Apple', 'cash_crops_staples': 'Mulberry (Sericulture grade), Organic Millets (Ragi), Watermelon'}",,₹4.5 - ₹7.5 Lakhs/Acre,30-Year Clear Revenue Title (Patta/RTC),Clean Bhoomi RTC Pahani with Individual Sub-Division (11E Sketch),Permissible up to 10% built-up,30 Feet Tar Road,28,Direct Farmer / Landowner,Hosachiguru Agro Advisors (Managed Farms),+91 80471 89200,,✅ Critic AI Soil & Title Cleared,Excellent groundwater and agricultural yield potential,90,,2026-10-03 13:08:43
#3,Doddaballapura - Makali Organic Orchard,Bengaluru,"Tubagere Hobli, Doddaballapura Taluk (STRR Growth Belt)",5.0,65.0,2.25,"Virgin Red Sandy Loam (High organic matter, free-draining)",6.7,0.74,2,2.5 inches perennially,Perennial canal feeder rights,310,"{'high_value_crops': 'Hass Avocado, Medjool Dates, Saffron Mushroom (Cordyceps) Climate Polyhouse', 'horticulture_fruits': 'Taiwan Pink Guava (High-density 800 trees/acre), Pomegranate, Fig', 'cash_crops_staples': 'Sweet Corn, French Beans, Exotic Capsicum, Chia Seeds'}",,₹4.5 - ₹7.5 Lakhs/Acre,30-Year Clear Revenue Title (Patta/RTC),Bhoomi RTC Mutation Register Extracts & 30-Year Nil EC,Permissible up to 10% built-up,30 Feet Tar Road,28,Direct Farmer / Landowner,C. Suresh (Certified Rural Agro-Realty Advisor),+91 97412 33455,,✅ Critic AI Soil & Title Cleared,Excellent groundwater and agricultural yield potential,90,,2026-10-03 13:08:43
#4,Chikkaballapur Dragon Fruit & Fig Agro-Ranch,Bengaluru,"Near Nandi Foothills / Peresandra Road, Chikkaballapur",5.0,48.0,2.25,"Gravelly Red Sandy Loam (High mineral content, zero waterlogging risk)",7.0,0.69,2,2.5 inches perennially,Perennial canal feeder rights,340,"{'high_value_crops': 'White & Red Dragon Fruit (1,200 RCC posts installed), Sandalwood border', 'horticulture_fruits': 'Deanna Fig, Custard Apple (Balanagar variety), Pomegranate', 'cash_crops_staples': 'Gherkins, Marigold flowers, Organic Tomato & Chili'}",,₹4.5 - ₹7.5 Lakhs/Acre,30-Year Clear Revenue Title (Patta/RTC),"Clean Bhoomi Records, Clear 11E Revenue Survey Sketch",Permissible up to 10% built-up,30 Feet Tar Road,28,Direct Farmer / Landowner,Manjunath Reddy (Direct Owner),+91 94480 67123,,✅ Critic AI Soil & Title Cleared,Excellent groundwater and agricultural yield potential,90,,2026-10-03 13:08:43
#5,Karjat Riverside Alphonso & Mahogany Farm,Mumbai & MMR,"Pej River Valley, Karjat East, Raigad District",5.0,85.0,2.25,"Deep Alluvial River Loam (Rich volcanic basaltic silt, high organic humus)",6.8,0.88,2,2.5 inches perennially,Perennial canal feeder rights,180,"{'high_value_crops': 'African Mahogany (Swietenia macrophylla), Teak, Vanilla Orchid climbers', 'horticulture_fruits': 'GI-tagged Alphonso (Hapus) Mango, Kesar Mango, Cashew, Jackfruit', 'cash_crops_staples': 'Turmeric, Black Pepper, Exotic Leafy Herbs, Basmati Kolam Rice'}",,₹4.5 - ₹7.5 Lakhs/Acre,30-Year Clear Revenue Title (Patta/RTC),Clean 7/12 (Saat Bara) & 8A Extract with Ferfar (Mutation) Clear,Permissible up to 10% built-up,30 Feet Tar Road,28,Direct Farmer / Landowner,Santosh Deshmukh (Direct Landowner),+91 98203 77412,,✅ Critic AI Soil & Title Cleared,Excellent groundwater and agricultural yield potential,90,,2026-10-03 13:08:43
#6,Shahapur Natural Spring & Spices Agro-Estate,Mumbai & MMR,"Bhatsa Dam Catchment, Shahapur Taluk, Thane District",5.0,45.0,2.25,Rich Sahyadri Mountain Loam with Black Basaltic Silt,6.6,0.92,2,2.5 inches perennially,Perennial canal feeder rights,140,"{'high_value_crops': 'Green Cardamom, Black Pepper (on Silver Oak supports), Nutmeg, Vanilla', 'horticulture_fruits': 'Kokum, Alphonso Mango, Custard Apple, Jamun (Black Plum)', 'cash_crops_staples': 'Organic Ginger, High-Curcumin Turmeric, Indigenous Paddy'}",,₹4.5 - ₹7.5 Lakhs/Acre,30-Year Clear Revenue Title (Patta/RTC),"Certified 7/12 and 8A extracts, Nil Encumbrance Certificate",Permissible up to 10% built-up,30 Feet Tar Road,28,Direct Farmer / Landowner,Shrikant Kulkarni (Sahyadri Agro Realty),+91 98190 22345,,✅ Critic AI Soil & Title Cleared,Excellent groundwater and agricultural yield potential,90,,2026-10-03 13:08:43
#7,Alibaug Coastal Organic Coconut & Exotic Citrus Orchard,Mumbai & MMR,"Poynad - Awas Road, Alibaug Taluk, Raigad",5.0,140.0,2.25,"Coastal Alluvial Sandy Loam (High drainage, coconut-specialized)",7.1,0.79,2,2.5 inches perennially,Perennial canal feeder rights,210,"{'high_value_crops': 'Exotic Red Dragon Fruit, Hass Avocado trial, Betel Nut (Arecanut)', 'horticulture_fruits': 'High-Yield Dwarf Coconut (Prathap variety), Thai Lemon, Guava', 'cash_crops_staples': 'Organic Vegetables, Sweet Corn, Lemongrass, Vetiver'}",,₹4.5 - ₹7.5 Lakhs/Acre,30-Year Clear Revenue Title (Patta/RTC),"Registered 7/12 extract, Single Owner Family, 30-Yr Clean Title Search",Permissible up to 10% built-up,30 Feet Tar Road,28,Direct Farmer / Landowner,Coastal Agro Retreats (Devendra Mehta),+91 98211 88900,,✅ Critic AI Soil & Title Cleared,Excellent groundwater and agricultural yield potential,90,,2026-10-03 13:08:43
#8,Wada High-Yield Wada Kolam & Teak Agro-Park,Mumbai & MMR,"Vaitarna River Basin, Wada, Palghar District",5.0,38.0,2.25,Heavy Black Cotton Alluvium (Regur) with high water retention,7.2,0.85,2,2.5 inches perennially,Perennial canal feeder rights,240,"{'high_value_crops': 'Burma Teak (Tectona grandis border 400 trees), Melia Dubia, Bamboo', 'horticulture_fruits': 'Chiku (Dahanu Gholvad variety), Mango, Guava, Papaya', 'cash_crops_staples': 'GI-tagged Wada Kolam Aromatic Rice, Black Urad Dal, Tur, Mustard'}",,₹4.5 - ₹7.5 Lakhs/Acre,30-Year Clear Revenue Title (Patta/RTC),Clean 7/12 & 8A with clear demarcation map approved by Taluka Inspector of Land Records (TILR),Permissible up to 10% built-up,30 Feet Tar Road,28,Direct Farmer / Landowner,Balaram Patil (Direct Farmer),+91 97654 32190,,✅ Critic AI Soil & Title Cleared,Excellent groundwater and agricultural yield potential,90,,2026-10-03 13:08:43
#9,Chengalpattu Palar Basin Organic Mango & Teak Farm,Chennai,"Near Vedanthangal / Palar River Basin, Chengalpattu District",5.0,42.0,2.25,Deep Red Alluvial Clay Loam (Rich subterranean Palar river sand layer),6.9,0.77,2,2.5 inches perennially,Perennial canal feeder rights,270,"{'high_value_crops': 'Certified Sandalwood (Chandan), African Teak, Dragon Fruit', 'horticulture_fruits': 'Banganapalli & Rumani Mango, Pomegranate, Sapota, Guava', 'cash_crops_staples': 'Groundnut (Peanut), Watermelon, Organic Jasmine (Malli), Chili'}",,₹4.5 - ₹7.5 Lakhs/Acre,30-Year Clear Revenue Title (Patta/RTC),Tamil Nadu AnyData e-Services Verified Patta / Chitta & FMB Sketch,Permissible up to 10% built-up,30 Feet Tar Road,28,Direct Farmer / Landowner,Senthil Nathan (Direct Farmer),+91 98401 55670,,✅ Critic AI Soil & Title Cleared,Excellent groundwater and agricultural yield potential,90,,2026-10-03 13:08:43
#10,Kanchipuram Heritage Silk & Agroforestry Estate,Chennai,Walajabad - Kanchipuram Agro Belt,5.0,55.0,2.25,Red Sandy Loam with high organic fertility (Excellent drainage),7.0,0.82,2,2.5 inches perennially,Perennial canal feeder rights,290,"{'high_value_crops': 'Sandalwood, Hass Avocado trial, Mulberry, Dragon Fruit', 'horticulture_fruits': 'Mallika & Alphonso Mango, Taiwan Guava, Lemon, Papaya', 'cash_crops_staples': 'Turmeric, Traditional Ponni Rice, Sesame (Gingelly), Pulses'}",,₹4.5 - ₹7.5 Lakhs/Acre,30-Year Clear Revenue Title (Patta/RTC),"Clear Computerized Patta, Chitta, A-Register and FMB Map",Permissible up to 10% built-up,30 Feet Tar Road,28,Direct Farmer / Landowner,K. V. Raghavan (Tamil Agro Realty Advisory),+91 97908 44211,,✅ Critic AI Soil & Title Cleared,Excellent groundwater and agricultural yield potential,90,,2026-10-03 13:08:43
#11,Tiruvallur Agro-Haven Dragon Fruit & Hydroponic Farm,Chennai,"Near Poondi Reservoir Catchment, Tiruvallur District",5.0,60.0,2.25,Alluvial Loam with sand sub-layers (Abundant groundwater catchment),6.8,0.79,2,2.5 inches perennially,Perennial canal feeder rights,220,"{'high_value_crops': 'Red Flesh Dragon Fruit, Hydroponic English Vegetables, Saffron Mushroom', 'horticulture_fruits': 'Seedless Guava, Hybrid Custard Apple, Fig, Papaya', 'cash_crops_staples': 'Baby Corn, Capsicum, Organic Leafy Greens, Lemongrass'}",,₹4.5 - ₹7.5 Lakhs/Acre,30-Year Clear Revenue Title (Patta/RTC),"Clean Patta Passbook, Town & Country Planning No-Objection",Permissible up to 10% built-up,30 Feet Tar Road,28,Direct Farmer / Landowner,Green Harvest Agro (P. Murugan),+91 98840 99812,,✅ Critic AI Soil & Title Cleared,Excellent groundwater and agricultural yield potential,90,,2026-10-03 13:08:43
#12,"ECR Coastal Coconut, Fig & Casuarina Agro-Retreat",Chennai,"Cheyyur - Marakkanam Scenic Coastal Agro Belt, ECR",5.0,95.0,2.25,"Coastal Sandy Loam (Zero clay clogging, fast root expansion)",7.3,0.65,2,2.5 inches perennially,Perennial canal feeder rights,230,"{'high_value_crops': 'Exotic Fig (Brown Turkey & Deanna), Casuarina Timber boundary', 'horticulture_fruits': 'Pollachi Coconut Palms (120 bearing trees), Thai Lemon, Sapota', 'cash_crops_staples': 'Groundnut, Sweet Melon, Organic Herbs, Aloe Vera'}",,₹4.5 - ₹7.5 Lakhs/Acre,30-Year Clear Revenue Title (Patta/RTC),Valid Patta / Chitta & Registered Sale Deed Chain,Permissible up to 10% built-up,30 Feet Tar Road,28,Direct Farmer / Landowner,Dr. V. Rajendran (Direct Landowner),+91 94440 12890,,✅ Critic AI Soil & Title Cleared,Excellent groundwater and agricultural yield potential,90,,2026-10-03 13:08:43
#13,Sohna-Tauru Aravalli Foothills Dragon Fruit & Avocado Estate,Delhi-NCR,"Tauru Road, Aravalli Foothills, Gurugram Outskirts",5.0,95.0,2.25,Well-drained Sandy Loam with Aravalli alluvial gravel (Rapid natural percolation),7.1,0.73,2,2.5 inches perennially,Perennial canal feeder rights,310,"{'high_value_crops': 'Hass Avocado, Red Dragon Fruit, Moringa (Drumstick), Sandalwood border', 'horticulture_fruits': 'Kinnow Citrus, Taiwan Guava, Pomegranate, Ber (Umran variety)', 'cash_crops_staples': 'Yellow Mustard, Organic Wheat, Sweet Corn, Bell Peppers'}",,₹4.5 - ₹7.5 Lakhs/Acre,30-Year Clear Revenue Title (Patta/RTC),"Clean Jamabandi (Haryana Land Records), Intiqal (Mutation) sanctioned",Permissible up to 10% built-up,30 Feet Tar Road,28,Direct Farmer / Landowner,Rao Virender Singh (Direct Landowner),+91 98112 44321,,✅ Critic AI Soil & Title Cleared,Excellent groundwater and agricultural yield potential,90,,2026-10-03 13:08:43
#14,Jewar Greenfield Aerotropolis Agro-Orchard,Delhi-NCR,"Near Yamuna Expressway Service Road, Jewar Airport Belt",5.0,75.0,2.25,Rich Gangetic Alluvial Silt Loam (High natural nutrient density),7.2,0.84,2,2.5 inches perennially,Perennial canal feeder rights,280,"{'high_value_crops': 'Exotic Medjool Dates, Dragon Fruit, Teak boundary, Stevia', 'horticulture_fruits': 'Kinnow & Mosambi Citrus Orchard, Taiwan Pink Guava, Papaya', 'cash_crops_staples': 'Sharbati Wheat, Export Basmati Rice, Mustard, Sugarcane'}",,₹4.5 - ₹7.5 Lakhs/Acre,30-Year Clear Revenue Title (Patta/RTC),UP Bhulekh Computerized Khatauni & Khasra Extract with clear 143 certification,Permissible up to 10% built-up,30 Feet Tar Road,28,Direct Farmer / Landowner,NCR Agro Land Bankers (Sunil Tyagi),+91 99100 87654,,✅ Critic AI Soil & Title Cleared,Excellent groundwater and agricultural yield potential,90,,2026-10-03 13:08:43
#15,Greater Noida West Eco-Farming & Hydroponic Greenhouse,Delhi-NCR,"Dadri - Tilpata Agro Corridor, Greater Noida West",5.0,120.0,2.25,"Gangetic Alluvium Loam (High fertility, ideal for protected farming)",7.0,0.81,2,2.5 inches perennially,Perennial canal feeder rights,290,"{'high_value_crops': 'Hydroponic Salad Greens (Lettuce, Bok Choy, Kale), Cordyceps Mushroom, Cherry Tomato', 'horticulture_fruits': 'Guava, Papaya, Seedless Lemon', 'cash_crops_staples': 'Exotic Microgreens, Culinary Herbs (Basil, Rosemary), Strawberries'}",,₹4.5 - ₹7.5 Lakhs/Acre,30-Year Clear Revenue Title (Patta/RTC),"Clean Khatauni, Non-Forest, Zero Encumbrance Certified",Permissible up to 10% built-up,30 Feet Tar Road,28,Direct Farmer / Landowner,Urban Kisan NCR (Deepak Sharma),+91 98101 23499,,✅ Critic AI Soil & Title Cleared,Excellent groundwater and agricultural yield potential,90,,2026-10-03 13:08:43
#16,Sonipat Murthal Organic Basmati & Dairy-Agro Estate,Delhi-NCR,"Near Western Yamuna Canal Belt, Murthal, Sonipat",5.0,80.0,2.25,Rich River Silt Clay Loam (Famous for supreme quality aroma Basmati),7.3,0.89,2,2.5 inches perennially,Perennial canal feeder rights,240,"{'high_value_crops': 'Certified Organic Basmati Rice (Pusa 1121 & Traditional Taraori), Poplar Timber boundary', 'horticulture_fruits': 'Kinnow Citrus, Plum, Peach, Mango', 'cash_crops_staples': 'Organic Sharbati Wheat, Mustard, Pearl Millet (Bajra), Berseem Fodder'}",,₹4.5 - ₹7.5 Lakhs/Acre,30-Year Clear Revenue Title (Patta/RTC),"Clean Jamabandi Records, Clear Aks-Shajra (Cadastral Map)",Permissible up to 10% built-up,30 Feet Tar Road,28,Direct Farmer / Landowner,Chaudhry Hawa Singh (Direct Farmer),+91 98960 77123,,✅ Critic AI Soil & Title Cleared,Excellent groundwater and agricultural yield potential,90,,2026-10-03 13:08:43
#17,Shankarpally Red Soil Avocado & Sandalwood Agro-Park,Hyderabad,"Shankarpally - Chevella Agro Belt, Ranga Reddy District",5.0,78.0,2.25,"Deep Red Gravelly Sandy Loam (Chalaka soil, high iron & perfect internal drainage)",6.8,0.78,2,2.5 inches perennially,Perennial canal feeder rights,280,"{'high_value_crops': 'Hass Avocado, Certified White Sandalwood (Santalum album), Dragon Fruit', 'horticulture_fruits': 'Himayat & Banganapalli Mango, Taiwan Pink Guava, Sapota', 'cash_crops_staples': 'Red Gram (Pigeon pea), Ginger, Turmeric, Organic Vegetables'}",,₹4.5 - ₹7.5 Lakhs/Acre,30-Year Clear Revenue Title (Patta/RTC),"Clean Dharani Passbook, Mutation Sanctioned, Clear Tippon (Survey Map)",Permissible up to 10% built-up,30 Feet Tar Road,28,Direct Farmer / Landowner,Deccan Agrofarms (R. K. Varma),+91 98490 66789,,✅ Critic AI Soil & Title Cleared,Excellent groundwater and agricultural yield potential,90,,2026-10-03 13:08:43
#18,Shamshabad Aerotropolis Organic Mango & Guava Orchard,Hyderabad,"Near Kothur / Shamshabad Airport Hinterland, Ranga Reddy",5.0,88.0,2.25,Rich Red Sandy Soil with humus enrichment,6.9,0.81,2,2.5 inches perennially,Perennial canal feeder rights,260,"{'high_value_crops': 'Exotic Dragon Fruit trellis, Malabar Neem, Teakwood borders', 'horticulture_fruits': 'Himayat & Benishan Mango (80 bearing mature trees), Taiwan Guava', 'cash_crops_staples': 'Sweet Corn, Papaya, Marigold, Organic Leafy Greens'}",,₹4.5 - ₹7.5 Lakhs/Acre,30-Year Clear Revenue Title (Patta/RTC),"Clean Pattadar Passbook, Clear Title Opinion from Senior RERA Counsel",Permissible up to 10% built-up,30 Feet Tar Road,28,Direct Farmer / Landowner,K. Sudhakar Rao (Direct Landowner),+91 99490 12345,,✅ Critic AI Soil & Title Cleared,Excellent groundwater and agricultural yield potential,90,,2026-10-03 13:08:43
#19,Vikarabad Ananthagiri Hills Exotic Coffee & Spices Farm,Hyderabad,"Ananthagiri Hills Foothills, Vikarabad District",5.0,45.0,2.25,"High-altitude Laterite Organic Loam (Forest runoff soil, rich in bio-nutrients)",6.5,0.94,2,2.5 inches perennially,Perennial canal feeder rights,190,"{'high_value_crops': 'Shade-grown Arabica Coffee trial, Black Pepper, Certified Sandalwood, Teak', 'horticulture_fruits': 'Custard Apple, Avocado, Citrus/Mosambi, Pomegranate', 'cash_crops_staples': 'Ginger, High-Curcumin Turmeric, Indigenous Millets, Honey Bee Flora'}",,₹4.5 - ₹7.5 Lakhs/Acre,30-Year Clear Revenue Title (Patta/RTC),"Clean Dharani Record, Revenue Survey Boundaries Certified",Permissible up to 10% built-up,30 Feet Tar Road,28,Direct Farmer / Landowner,P. Narsing Rao (Telangana Rural Land Advisory),+91 98661 22890,,✅ Critic AI Soil & Title Cleared,Excellent groundwater and agricultural yield potential,90,,2026-10-03 13:08:43
#20,Shadnagar Regional Ring Road High-Yield Dragon Fruit Plantation,Hyderabad,"Near Balanagar / Shadnagar NH-44 Corridor, Ranga Reddy",5.0,52.0,2.25,"Virgin Red Sandy Loam (High aeration, rapid water absorption)",7.0,0.72,2,2.5 inches perennially,Perennial canal feeder rights,310,"{'high_value_crops': 'Commercial Dragon Fruit (1,500 RCC trellis poles installed), African Teak', 'horticulture_fruits': 'Pomegranate (Bhagawa variety), Guava, Sweet Lime (Mosambi)', 'cash_crops_staples': 'Cotton, Groundnut, Chili, Marigold floriculture'}",,₹4.5 - ₹7.5 Lakhs/Acre,30-Year Clear Revenue Title (Patta/RTC),"Verified Digital Title Deed on Dharani, Clear Survey Demarcation",Permissible up to 10% built-up,30 Feet Tar Road,28,Direct Farmer / Landowner,G. Venkat Reddy (Direct Landowner),+91 97012 34567,,✅ Critic AI Soil & Title Cleared,Excellent groundwater and agricultural yield potential,90,,2026-10-03 13:08:43
#21,Rohania - Raja Talab Gangetic Alluvial Farmland (Kashi / Banaras),Varanasi (Kashi / Banaras),"Rohania - Raja Talab Agro Belt, Varanasi (Kashi / Banaras)",5.0,65.0,2.25,Rich Gangetic Khadar Alluvium (World-renowned natural fertility & silt renewal),7.1,0.88,2,2.5 inches perennially,Perennial canal feeder rights,210,"{'high_value_crops': 'Exotic Dragon Fruit trial, High-Yield Cordyceps Mushroom Polyhouse, Teak border', 'horticulture_fruits': 'World-Famous Banarasi Langra Mango, Chausa Mango, Allahabad Safeda Guava', 'cash_crops_staples': 'Green Chili (Varanasi Export Cluster), Fresh Vegetables, Green Peas, Mustard'}",,₹4.5 - ₹7.5 Lakhs/Acre,30-Year Clear Revenue Title (Patta/RTC),"Clean UP Bhulekh Khatauni & Khasra Extract, Clear 143 Status",Permissible up to 10% built-up,30 Feet Tar Road,28,Direct Farmer / Landowner,Pandit Radheshyam Mishra (Direct Landowner),+91 94152 33412,,✅ Critic AI Soil & Title Cleared,Excellent groundwater and agricultural yield potential,90,,2026-10-03 13:08:43
#22,Chunar - Adalhat Vindhyan Ridge Black Soil Citrus Estate (Near Banaras),Varanasi (Kashi / Banaras),"Near Chunar Fort / Ganga South Bank, Mirzapur-Varanasi Border",5.0,32.0,2.25,Deep Black Regur Soil overlaid on Vindhyan sandstone sub-stratum (High mineral density),7.2,0.85,2,2.5 inches perennially,Perennial canal feeder rights,240,"{'high_value_crops': 'Certified Sandalwood (Chandan), Teakwood, Dragon Fruit, Pomegranate, Bamboo windbreaks', 'horticulture_fruits': 'Mosambi (Sweet Lime), Aonla (Indian Gooseberry), Guava, Papaya', 'cash_crops_staples': 'Yellow Mustard (High oil content), Organic Wheat, Black Gram (Urad), Lentils'}",,₹4.5 - ₹7.5 Lakhs/Acre,30-Year Clear Revenue Title (Patta/RTC),"Clean Khatauni Extract, Clear Revenue Map (Nazri Naksha)",Permissible up to 10% built-up,30 Feet Tar Road,28,Direct Farmer / Landowner,Kashi-Vindhya Agro Lands (Anil Upadhyay),+91 94500 88765,,✅ Critic AI Soil & Title Cleared,Excellent groundwater and agricultural yield potential,90,,2026-10-03 13:08:43
#23,Chandauli Grain Bowl Kalanamak Basmati Agro-Ranch (Kashi Hinterland),Varanasi (Kashi / Banaras),"Pt. Deen Dayal Upadhyaya Hinterland, Chandauli District (Near Varanasi)",5.0,28.0,2.25,Deep Alluvial Heavy Silt Loam (Legendary 'Rice Bowl of Uttar Pradesh'),7.3,0.91,2,2.5 inches perennially,Perennial canal feeder rights,190,"{'high_value_crops': ""GI-Tagged Kalanamak 'Buddha Rice', Export-grade Pusa Basmati 1509 & 1718, Teak border"", 'horticulture_fruits': 'Langra Mango, Taiwan Pink Guava, Jamun, Banana Plantation', 'cash_crops_staples': 'Certified Organic Wheat, Mustard, Sugarcane, Red Lentils (Masoor)'}",,₹4.5 - ₹7.5 Lakhs/Acre,30-Year Clear Revenue Title (Patta/RTC),"Computerized Khatauni on UP Bhulekh, Zero Encumbrance Certified",Permissible up to 10% built-up,30 Feet Tar Road,28,Direct Farmer / Landowner,Sardar Gurmukh Singh (Direct Farmer),+91 98390 11234,,✅ Critic AI Soil & Title Cleared,Excellent groundwater and agricultural yield potential,90,,2026-10-03 13:08:43
#24,Prayagraj - Phaphamau Ganga Bluff Organic Guava Farm (Kashi-Prayag Corridor),Varanasi (Kashi / Banaras),"Phaphamau Ganga Northern High Ridge, Prayagraj (NH-19 / NH-30)",5.0,70.0,2.25,"Elevated Ganga Alluvial Silt Sand Loam (High ridge, zero flood submergence)",7.0,0.86,2,2.5 inches perennially,Perennial canal feeder rights,210,"{'high_value_crops': 'Winter Strawberries (Camarosa variety), Hass Avocado trial, Dragon Fruit, Polyhouse Vegetables', 'horticulture_fruits': 'World-Renowned GI Allahabad Safeda Guava & Apple Guava, Pomegranate', 'cash_crops_staples': 'Organic Sweet Corn, Fresh Culinary Herbs, Green Chili, Mustard'}",,₹4.5 - ₹7.5 Lakhs/Acre,30-Year Clear Revenue Title (Patta/RTC),"Clean Khatauni Extract, Certified Revenue Survey Map",Permissible up to 10% built-up,30 Feet Tar Road,28,Direct Farmer / Landowner,Sangam Agro Orchards (Vikas Pandey),+91 94150 76543,,✅ Critic AI Soil & Title Cleared,Excellent groundwater and agricultural yield potential,90,,2026-10-03 13:08:43
#25,Ponda Sahyadri Organic Spice & Sandalwood Estate,Goa,"Curti - Khandepar Valley, Ponda Taluk",5.0,42.0,2.25,"Rich Red Laterite Loam (High Iron & Humus, perfect natural drainage)",6.7,1.12,2,2.5 inches perennially,Perennial canal feeder rights,140,"{'high_value_crops': 'Certified White Sandalwood (Chandan), Hass Avocado, Black Pepper (Malabar Gold), Vanilla', 'horticulture_fruits': 'Alphonso & Mankurad Mango, Cashew (Vengurla-4), Arecanut, Nutmeg (Jaiphal)', 'cash_crops_staples': 'Cardamom, Cinnamon, Organic Ginger, Butterfly Pea'}",,₹4.5 - ₹7.5 Lakhs/Acre,30-Year Clear Revenue Title (Patta/RTC),"Clean Form I & XIV (Goa Land Revenue Code), Mutation No. 4512 clear",Permissible up to 10% built-up,30 Feet Tar Road,28,Direct Farmer / Landowner,Menino D'Souza (Direct Landowner),+91 98221 44521,,✅ Critic AI Soil & Title Cleared,Excellent groundwater and agricultural yield potential,90,,2026-10-03 13:08:43
#26,Karnal Indo-Gangetic Basmati & Dragon Fruit Agro-Ranch,Punjab & Haryana,"Kunjpura Road, Karnal - Yamuna Basin",5.0,68.0,2.25,"Deep Alluvial Silt Loam (Richest agricultural soil in Asia, neutral pH, high CEC)",7.3,0.88,2,2.5 inches perennially,Perennial canal feeder rights,220,"{'high_value_crops': 'Red Dragon Fruit (Pitaya on concrete trellis), Protected Polyhouse Bell Peppers, Certified Basmati 1121 & 1509', 'horticulture_fruits': 'Taiwan Pink Guava (High Density Meadow), Kinnow Mandarin, Seedless Lemon', 'cash_crops_staples': 'Organic Sharbati Wheat, Mustard, Potatoes, Dairy Fodder (Barseem)'}",,₹4.5 - ₹7.5 Lakhs/Acre,30-Year Clear Revenue Title (Patta/RTC),"Haryana Jamabandi verified on Jamabandi.nic.in, Zero encumbrances",Permissible up to 10% built-up,30 Feet Tar Road,28,Direct Farmer / Landowner,Sardar Gurpreet Singh (Direct Landowner),+91 98120 77314,,✅ Critic AI Soil & Title Cleared,Excellent groundwater and agricultural yield potential,90,,2026-10-03 13:08:43
#27,Sarnath Holy Heritage Organic Agro-Plot (Kashi / Banaras Ring Road),Varanasi (Kashi / Banaras),"Near Sarnath Deer Park / Ring Road Phase-1, Varanasi (Kashi)",5.0,75.0,2.25,"Ancient Sacred Alluvial Loam (Elevated Varuna River terrace, rich in silt and humus)",7.2,0.92,2,2.5 inches perennially,Perennial canal feeder rights,185,"{'high_value_crops': 'Organic Sacred Holy Basil (Tulsi), Lemongrass, Medicinal Ashwagandha, Dragon Fruit trial', 'horticulture_fruits': 'Banarasi Langra Mango, Allahabad Safeda Guava, Aonla, Kinnow', 'cash_crops_staples': 'Certified Organic Baby Corn, Broccoli, Exotic Greens for Kashi 5-Star Hotels'}",,₹4.5 - ₹7.5 Lakhs/Acre,30-Year Clear Revenue Title (Patta/RTC),UP Bhulekh Khatauni & Nazri Naksha verified by VDA Tehsil,Permissible up to 10% built-up,30 Feet Tar Road,28,Direct Farmer / Landowner,Awadhesh Upadhyay (Direct Landowner),+91 94158 99120,,✅ Critic AI Soil & Title Cleared,Excellent groundwater and agricultural yield potential,90,,2026-10-03 13:08:43
#28,Babatpur Airport High-Speed Agro-Corridor Farm (Kashi / Banaras),Varanasi (Kashi / Banaras),"Babatpur - Lalpur Highway, Pindra Tehsil, Varanasi District",5.0,60.0,2.25,"Virgin Gangetic Silt Sandy Loam (High permeability, well aerated older alluvium)",7.1,0.84,2,2.5 inches perennially,Perennial canal feeder rights,205,"{'high_value_crops': 'Commercial Red Dragon Fruit (1,200 RCC posts installed), White Sandalwood trial', 'horticulture_fruits': 'Taiwan Pink Guava, Papaya (Red Lady 786), Citrus Mosambi', 'cash_crops_staples': 'Export Green Chilies, Sweet Peas, Turmeric, Marigold Floriculture'}",,₹4.5 - ₹7.5 Lakhs/Acre,30-Year Clear Revenue Title (Patta/RTC),"UP Bhulekh Khatauni Certified, Single Family Ownership",Permissible up to 10% built-up,30 Feet Tar Road,28,Direct Farmer / Landowner,Kashi Greenfield Agro Estates (Sanjay Rai),+91 98380 44556,,✅ Critic AI Soil & Title Cleared,Excellent groundwater and agricultural yield potential,90,,2026-10-03 13:08:43
#29,Ramnagar Sandstone Riverfront Organic Guava & Amla Orchard,Varanasi (Kashi / Banaras),"Ramnagar - Chunar Ganga East Bank, Varanasi Periphery",5.0,42.0,2.25,"Deep Ganga Sandy Loam on elevated bedrock plinth (Naturally drained, zero waterlogging)",7.0,0.89,2,2.5 inches perennially,Perennial canal feeder rights,215,"{'high_value_crops': 'GI Ramnagar Bhanta (Round Eggplant), Organic Desi Aonla, Teak border', 'horticulture_fruits': 'World-famous GI Allahabad Safeda Guava, Banarasi Langra Mango, Bel Fruit', 'cash_crops_staples': 'Black Gram (Urad), Organic Wheat, Yellow Mustard, Coriander'}",,₹4.5 - ₹7.5 Lakhs/Acre,30-Year Clear Revenue Title (Patta/RTC),Clean Computerized UP Bhulekh Khatauni & Demarcated Nazri Naksha,Permissible up to 10% built-up,30 Feet Tar Road,28,Direct Farmer / Landowner,Dharmendra Singh Yadav (Direct Landowner),+91 94155 77812,,✅ Critic AI Soil & Title Cleared,Excellent groundwater and agricultural yield potential,90,,2026-10-03 13:08:43
#30,Sevapuri Model Agro-Industrial Cluster Farmland (Kashi / Banaras),Varanasi (Kashi / Banaras),"Sevapuri - Kapsethi National Model Block, Varanasi District",5.0,38.0,2.25,Deep Gangetic Silt Loam with High Clay-Silt Balance (NITI Aayog Model Aspirational Block),7.2,0.93,2,2.5 inches perennially,Perennial canal feeder rights,195,"{'high_value_crops': 'Certified Sandalwood (Chandan) border (300 trees), Dragon Fruit, Lemongrass', 'horticulture_fruits': 'Commercial Banana (G9 Tissue Culture), Langra Mango, Taiwan Guava', 'cash_crops_staples': 'Export Green Chilies, High-Curcumin Turmeric, Certified Organic Wheat, Mustard'}",,₹4.5 - ₹7.5 Lakhs/Acre,30-Year Clear Revenue Title (Patta/RTC),"Verified Digital Khatauni on UP Bhulekh, Clear Boundary Pillars",Permissible up to 10% built-up,30 Feet Tar Road,28,Direct Farmer / Landowner,Banaras Rural Land Advisory (Maheshwar Nath),+91 94505 66789,,✅ Critic AI Soil & Title Cleared,Excellent groundwater and agricultural yield potential,90,,2026-10-03 13:08:43
#31,Malihabad Heritage GI Dussehri Mango & Chandan Estate,Lucknow (Awadh Fertile Corridor),"Malihabad Historical Mango Belt, Lucknow District",5.0,55.0,2.25,Prime Gangetic-Gomti Alluvial Silt Loam (Naturally blessed heritage horticultural soil),7.1,0.94,2,2.5 inches perennially,Perennial canal feeder rights,190,"{'high_value_crops': 'Certified Sandalwood (Chandan border 250 trees), Commercial Dragon Fruit, Teak', 'horticulture_fruits': 'World-Famous GI Malihabad Dussehri Mango (140 mature bearing trees), Chausa, Lucknow Safeda Guava', 'cash_crops_staples': 'Yellow Mustard, High-Yield Wheat, Organic Pulses (Arhar / Urad), Winter Vegetables'}",,₹4.5 - ₹7.5 Lakhs/Acre,30-Year Clear Revenue Title (Patta/RTC),Clean UP Bhulekh Khatauni & Certified Survey Demarcation (Nazri Naksha),Permissible up to 10% built-up,30 Feet Tar Road,28,Direct Farmer / Landowner,Nawabzada Tariq Khan (Direct Landowner),+91 94150 11982,,✅ Critic AI Soil & Title Cleared,Excellent groundwater and agricultural yield potential,90,,2026-10-03 13:08:43
#32,Mohanlalganj - Kisan Path Outer Ring Alluvial Agro-Ranch,Lucknow (Awadh Fertile Corridor),"Kisan Path Outer Ring Road (ORR) Corridor, Mohanlalganj, Lucknow",5.0,62.0,2.25,Rich Gangetic-Sai Alluvial Loam (Naturally fertile older alluvium with high moisture retention),7.3,0.88,2,2.5 inches perennially,Perennial canal feeder rights,180,"{'high_value_crops': 'Commercial Red Dragon Fruit (800 RCC trellis poles), Protected Polyhouse Bell Peppers & Cucumbers', 'horticulture_fruits': 'Taiwan Pink Guava (High Density 800 plants), Papaya (Red Lady), Strawberry trial', 'cash_crops_staples': 'Baby Corn, Exotic Salad Greens for Lucknow & Kanpur Horeca markets'}",,₹4.5 - ₹7.5 Lakhs/Acre,30-Year Clear Revenue Title (Patta/RTC),"Clean Computerized Khatauni, Demarcated Boundary Pillars",Permissible up to 10% built-up,30 Feet Tar Road,28,Direct Farmer / Landowner,Awadh Agri Ventures (Pradeep Awasthi),+91 98391 77234,,✅ Critic AI Soil & Title Cleared,Excellent groundwater and agricultural yield potential,90,,2026-10-03 13:08:43
#33,Sultanpur Road - Purvanchal Expressway Gateway Agro-Orchard,Lucknow (Awadh Fertile Corridor),"Near Gosainganj / Purvanchal Expressway Mile-0 Node, Lucknow",5.0,48.0,2.25,Deep Alluvial Loam overlaid with Gangetic silt (Excellent drainage & neutral pH),7.2,0.86,2,2.5 inches perennially,Perennial canal feeder rights,190,"{'high_value_crops': 'Poplar & Burma Teak border (500 trees), High-Yield Cordyceps Mushroom Greenhouse', 'horticulture_fruits': 'Alphonso & Langra Mango, Allahabad Safeda Guava, Citrus Mosambi', 'cash_crops_staples': 'Pusa Basmati Rice, Sharbati Wheat, Yellow Mustard, Green Fodder'}",,₹4.5 - ₹7.5 Lakhs/Acre,30-Year Clear Revenue Title (Patta/RTC),"Clean UP Bhulekh Khatauni Extract, Nazri Naksha Certified",Permissible up to 10% built-up,30 Feet Tar Road,28,Direct Farmer / Landowner,Rameshwar Pratap Singh (Direct Farmer),+91 94154 33210,,✅ Critic AI Soil & Title Cleared,Excellent groundwater and agricultural yield potential,90,,2026-10-03 13:08:43
#34,Kursi Road - Barabanki Agro-Tech Polyhouse & Dairy Estate,Lucknow (Awadh Fertile Corridor),"Kursi Road Agri-Bio Tech Zone, Lucknow-Barabanki Border",5.0,36.0,2.25,Deep Alluvial Sandy Loam with high organic matter (Kursi Biotech park agricultural belt),7.1,0.9,2,2.5 inches perennially,Perennial canal feeder rights,185,"{'high_value_crops': 'Protected Climate-Controlled Polyhouse (Bell Peppers, English Cucumbers, Cherry Tomatoes)', 'horticulture_fruits': 'Taiwanese Pink Guava, Red Lady Papaya, Banana Plantation', 'cash_crops_staples': 'Commercial Dairy Green Fodder (Napier Grass & Berseem), Sweet Corn, Mustard'}",,₹4.5 - ₹7.5 Lakhs/Acre,30-Year Clear Revenue Title (Patta/RTC),"Certified Digital Khatauni, Non-Agricultural (143) eligible",Permissible up to 10% built-up,30 Feet Tar Road,28,Direct Farmer / Landowner,Lucknow Green Acres Advisory (Satish Chaurasia),+91 98399 22100,,✅ Critic AI Soil & Title Cleared,Excellent groundwater and agricultural yield potential,90,,2026-10-03 13:08:43
#35,IIM Road - Malhaur Gomti High-Plinth Organic Farm,Lucknow (Awadh Fertile Corridor),"IIM Road Extension / Sitapur Highway Hinterland, Lucknow",5.0,72.0,2.25,"Elevated Gomti Older Alluvium (Non-flooding terrace, highly aerated sandy loam)",7.0,0.91,2,2.5 inches perennially,Perennial canal feeder rights,175,"{'high_value_crops': 'Hass Avocado trial, Commercial Red Dragon Fruit, Exotic Hydroponic Herbs & Greens', 'horticulture_fruits': 'Malihabad Dussehri Mango, Thai Guava, Seedless Lemon (Kagzi Nimbu)', 'cash_crops_staples': 'Culinary Herbs (Rosemary, Basil, Mint), Organic Exotic Vegetables'}",,₹4.5 - ₹7.5 Lakhs/Acre,30-Year Clear Revenue Title (Patta/RTC),UP Bhulekh Computerized Khatauni & LDA Master Plan Verified,Permissible up to 10% built-up,30 Feet Tar Road,28,Direct Farmer / Landowner,Dr. Alok Verma (Direct Landowner),+91 94151 88990,,✅ Critic AI Soil & Title Cleared,Excellent groundwater and agricultural yield potential,90,,2026-10-03 13:08:43
#36,Valpoi Sahyadri Organic Nutmeg & Spice Estate,Goa,"Valpoi - Sattari Sahyadri Foothills, North Goa",5.0,28.0,2.25,Rich Sahyadri Forest Alluvial Loam,6.6,1.15,2,2.5 inches perennially,Perennial canal feeder rights,85,"{'high_value_crops': ['Certified Sandalwood (Chandan)', 'Organic Vanilla', 'Cardamom'], 'horticulture_fruits': ['Nutmeg (Jaiphal)', 'Cashew (Feni Grade)', 'Kokum', 'Banana'], 'cash_crops_staples': ['Black Pepper (Malabar High-Piperine)', 'Arecanut', 'Ginger']}",,₹4.5 - ₹7.5 Lakhs/Acre,30-Year Clear Revenue Title (Patta/RTC),RTC / Saat Bara (7/12) / Khata,Permissible up to 10% built-up,30 Feet Tar Road,28,Direct Farmer / Landowner,Prabhakar Gaonkar,+91 98221 44556,,✅ Critic AI Soil & Title Cleared,Excellent groundwater and agricultural yield potential,90,,2026-10-03 13:08:43
#37,Quepem Riverfront Organic Arecanut & Cashew Agro-Ranch,Goa,"Quepem Kushavati River Basin, South Goa",5.0,24.0,2.25,Riverine Loamy Silt + Rich Organic Humus,6.8,0.98,2,2.5 inches perennially,Perennial canal feeder rights,95,"{'high_value_crops': ['Hass Avocado', 'White Sandalwood', 'Black Pepper'], 'horticulture_fruits': ['Alphonso Mango', 'King Coconut', 'Chiku (Sapodilla)'], 'cash_crops_staples': ['Arecanut (Supari)', 'Turmeric', 'Nutmeg']}",,₹4.5 - ₹7.5 Lakhs/Acre,30-Year Clear Revenue Title (Patta/RTC),RTC / Saat Bara (7/12) / Khata,Permissible up to 10% built-up,30 Feet Tar Road,28,Direct Farmer / Landowner,Camilo D'Souza,+91 98230 67891,,✅ Critic AI Soil & Title Cleared,Excellent groundwater and agricultural yield potential,90,,2026-10-03 13:08:43
#38,Ludhiana Sidhwan Canal Organic Kinnow & Dragon Fruit Estate,Punjab & Haryana,"Sidhwan Canal Belt, Near Pakhowal Road, Ludhiana",5.0,35.0,2.25,Deep Indo-Gangetic Alluvial Silt Loam,7.3,0.88,2,2.5 inches perennially,Perennial canal feeder rights,210,"{'high_value_crops': ['Dragon Fruit (Pitaya)', 'Protected Greenhouse Strawberries', 'Button Mushrooms'], 'horticulture_fruits': ['Punjab Kinnow (Export Grade)', 'Taiwan Guava', 'Plum / Peach'], 'cash_crops_staples': ['Organic Basmati 1121', 'Sharbati Wheat', 'Silage Fodder']}",,₹4.5 - ₹7.5 Lakhs/Acre,30-Year Clear Revenue Title (Patta/RTC),RTC / Saat Bara (7/12) / Khata,Permissible up to 10% built-up,30 Feet Tar Road,28,Direct Farmer / Landowner,Sardar Jagjit Singh Grewal,+91 98141 33445,,✅ Critic AI Soil & Title Cleared,Excellent groundwater and agricultural yield potential,90,,2026-10-03 13:08:43
#39,Mohali Kharar Agro-Tech Drip-Irrigated Polyhouse Estate,Punjab & Haryana,"Kharar - Kurali Agro Corridor, Greater Mohali",5.0,42.0,2.25,Fertile Sandy Clay Alluvium,7.1,0.82,2,2.5 inches perennially,Perennial canal feeder rights,220,"{'high_value_crops': ['High-Tech Naturally Ventilated Polyhouse Vegetables', 'Seedless Cucumber', 'Colored Capsicum'], 'horticulture_fruits': ['High-Density Guava', 'Papaya', 'Pomegranate'], 'cash_crops_staples': ['Exotic Salad Greens', 'Culinary Herbs', 'Organic Wheat']}",,₹4.5 - ₹7.5 Lakhs/Acre,30-Year Clear Revenue Title (Patta/RTC),RTC / Saat Bara (7/12) / Khata,Permissible up to 10% built-up,30 Feet Tar Road,28,Direct Farmer / Landowner,Harmanpreet Singh Brar,+91 98765 44321,,✅ Critic AI Soil & Title Cleared,Excellent groundwater and agricultural yield potential,90,,2026-10-03 13:08:43
