Rank_National,Layout_Scheme_Name,City_Corridor,Location_MicroMarket,Developer,Plot_Sizes_Sqft,Rate_Per_Sqft_INR,Starting_Ticket_Lakhs,Total_Outlay_Cr,Ground_Elevation_m_MSL,Flood_Vulnerability,Statutory_Authority,RERA_Approval_Status,Soil_Percolation_Rate,Internal_Road_Width_Feet,Underground_Drainage_STP,Water_Connection_TDS,Road_Dist_City_Center_km,Upcoming_Transit_Catalyst,Projected_5Yr_Appreciation_Pct,Critic_AI_Audit,Critic_AI_Cons,Plot_Investment_Score,Google_Maps_Place,Sanction_Registry_URL,Data_Source,Last_Audit_Timestamp
#1,Prestige Great Acres,Bengaluru,"The Prestige City, Sarjapur Road",Prestige Group,"1,500 - 4,000 sqft",8900,₹133.5 Lakhs - ₹356.0 Lakhs,1.33,896,Zero Flood Risk (Elevated Ridge),BMRDA / DTCP / VDA / LDA,Approved & Registered,"Red Sandy Loam (Rapid natural percolation, zero water stagnation)",40 - 60 Feet Asphalt,Underground Storm Grids + Central STP,Piped Potable Water < 300 ppm,20,Satellite Ring Road,60,✅ Critic AI Sanction Approved,Peripheral location requiring personal vehicle,85,,,BMRDA & RERA Approved (PRM/KA/RERA/1251/308/PR/210824/004289) Layout Sanction Registry | Town Planning & Revenue Land Survey Map | State Highway / NHAI Alignment Master Plan,2026-10-03 17:09:30
#2,Brigade Oasis,Bengaluru,Devanahalli - Airport Corridor,Brigade Group,"1,200 - 3,200 sqft",6400,₹76.8 Lakhs - ₹204.8 Lakhs,0.77,925,Zero Flood Risk (Elevated Ridge),BMRDA / DTCP / VDA / LDA,Approved & Registered,"Alluvial gravely loam, zero water retention",40 - 60 Feet Asphalt,Underground Storm Grids + Central STP,Piped Potable Water < 300 ppm,20,Satellite Ring Road,60,✅ Critic AI Sanction Approved,Peripheral location requiring personal vehicle,85,,,BIAAPA & RERA Approved Layout Sanction Registry | Town Planning & Revenue Land Survey Map | State Highway / NHAI Alignment Master Plan,2026-10-03 17:09:30
#3,Sobha Oakshire,Bengaluru,IVC Road - Devanahalli,Sobha Limited,"1,800 - 3,500 sqft",7800,₹140.4 Lakhs - ₹273.0 Lakhs,1.4,918,Zero Flood Risk (Elevated Ridge),BMRDA / DTCP / VDA / LDA,Approved & Registered,"Permeable red murrum, naturally self-draining",40 - 60 Feet Asphalt,Underground Storm Grids + Central STP,Piped Potable Water < 300 ppm,20,Satellite Ring Road,60,✅ Critic AI Sanction Approved,Peripheral location requiring personal vehicle,85,,,BIAAPA Approved & Karnataka RERA Registered Layout Sanction Registry | Town Planning & Revenue Land Survey Map | State Highway / NHAI Alignment Master Plan,2026-10-03 17:09:30
#4,Hiranandani Fortune City Plotted Enclave,Mumbai & MMR,Panvel - Bhokarpada MMR,Hiranandani Communities,"1,800 - 4,500 sqft",9200,₹165.6 Lakhs - ₹414.0 Lakhs,1.66,35,Zero Flood Risk (Elevated Ridge),BMRDA / DTCP / VDA / LDA,Approved & Registered,Basaltic murrum with fast gravitational runoff to Prabalmachi stream,40 - 60 Feet Asphalt,Underground Storm Grids + Central STP,Piped Potable Water < 300 ppm,20,Satellite Ring Road,60,✅ Critic AI Sanction Approved,Peripheral location requiring personal vehicle,85,,,CIDCO / NA Permission / MahaRERA Approved Layout Sanction Registry | Town Planning & Revenue Land Survey Map | State Highway / NHAI Alignment Master Plan,2026-10-03 17:09:30
#5,Godrej Woodland Plotted County,Mumbai & MMR,Khalapur - Mumbai-Pune Expressway,Godrej Properties,"1,500 - 3,500 sqft",4800,₹72.0 Lakhs - ₹168.0 Lakhs,0.72,62,Zero Flood Risk (Elevated Ridge),BMRDA / DTCP / VDA / LDA,Approved & Registered,Laterite hilly gravel with instantaneous runoff,40 - 60 Feet Asphalt,Underground Storm Grids + Central STP,Piped Potable Water < 300 ppm,20,Satellite Ring Road,60,✅ Critic AI Sanction Approved,Peripheral location requiring personal vehicle,85,,,MahaRERA & Town Planning Sanctioned Layout Sanction Registry | Town Planning & Revenue Land Survey Map | State Highway / NHAI Alignment Master Plan,2026-10-03 17:09:30
#6,Lodha Codename Golden Sunrise,Mumbai & MMR,Dombivli East - Palava Smart City,Lodha / Macrotech,"1,200 - 2,500 sqft",6500,₹78.0 Lakhs - ₹162.5 Lakhs,0.78,24,Zero Flood Risk (Elevated Ridge),BMRDA / DTCP / VDA / LDA,Approved & Registered,"Hard murrum plateau, engineered stormwater retention lake",40 - 60 Feet Asphalt,Underground Storm Grids + Central STP,Piped Potable Water < 300 ppm,20,Satellite Ring Road,60,✅ Critic AI Sanction Approved,Peripheral location requiring personal vehicle,85,,,MahaRERA Registered & KDMC Sanctioned Layout Sanction Registry | Town Planning & Revenue Land Survey Map | State Highway / NHAI Alignment Master Plan,2026-10-03 17:09:30
#7,TVS Emerald Hamlet,Chennai,Karapakkam - OMR IT Corridor,TVS Emerald,"1,200 - 3,000 sqft",7500,₹90.0 Lakhs - ₹225.0 Lakhs,0.9,14,Zero Flood Risk (Elevated Ridge),BMRDA / DTCP / VDA / LDA,Approved & Registered,Sandy loam with immediate absorption,40 - 60 Feet Asphalt,Underground Storm Grids + Central STP,Piped Potable Water < 300 ppm,20,Satellite Ring Road,60,✅ Critic AI Sanction Approved,Peripheral location requiring personal vehicle,85,,,CMDA & TNRERA Approved Layout Sanction Registry | Town Planning & Revenue Land Survey Map | State Highway / NHAI Alignment Master Plan,2026-10-03 17:09:30
#8,Casagrand Platinum Gated Plots,Chennai,Perungalathur - GST Road,Casagrand Builder,"1,200 - 2,400 sqft",4800,₹57.6 Lakhs - ₹115.2 Lakhs,0.58,22,Zero Flood Risk (Elevated Ridge),BMRDA / DTCP / VDA / LDA,Approved & Registered,"Red gravely clay loam, good drainage",40 - 60 Feet Asphalt,Underground Storm Grids + Central STP,Piped Potable Water < 300 ppm,20,Satellite Ring Road,60,✅ Critic AI Sanction Approved,Peripheral location requiring personal vehicle,85,,,CMDA Approved & TNRERA Registered Layout Sanction Registry | Town Planning & Revenue Land Survey Map | State Highway / NHAI Alignment Master Plan,2026-10-03 17:09:30
#9,Purva Raagam Plotted Haven,Chennai,Thirumazhisai - Bangalore Highway NH-48,Puravankara Limited,"1,200 - 3,200 sqft",4200,₹50.4 Lakhs - ₹134.4 Lakhs,0.5,28,Zero Flood Risk (Elevated Ridge),BMRDA / DTCP / VDA / LDA,Approved & Registered,"Coarse sandy gravel, rapid infiltration",40 - 60 Feet Asphalt,Underground Storm Grids + Central STP,Piped Potable Water < 300 ppm,20,Satellite Ring Road,60,✅ Critic AI Sanction Approved,Peripheral location requiring personal vehicle,85,,,CMDA Sanctioned & TNRERA Approved Layout Sanction Registry | Town Planning & Revenue Land Survey Map | State Highway / NHAI Alignment Master Plan,2026-10-03 17:09:30
#10,DLF Alameda Plots,Delhi-NCR,"Sector 73, Southern Peripheral Road, Gurugram",DLF Limited,"4,050 - 9,000 sqft (450 - 1000 sq yd)",19500,"₹789.7 Lakhs - ₹1,755.0 Lakhs",7.9,232,Zero Flood Risk (Elevated Ridge),BMRDA / DTCP / VDA / LDA,Approved & Registered,"Semi-arid sandy loam, rapid storm absorption",40 - 60 Feet Asphalt,Underground Storm Grids + Central STP,Piped Potable Water < 300 ppm,20,Satellite Ring Road,60,✅ Critic AI Sanction Approved,Peripheral location requiring personal vehicle,85,,,DTCP Haryana Licenced Colony & HARERA Registered Layout Sanction Registry | Town Planning & Revenue Land Survey Map | State Highway / NHAI Alignment Master Plan,2026-10-03 17:09:30
#11,Signature Global Park Plots,Delhi-NCR,Sector 36 Sohna - South of Gurugram,Signature Global,"1,080 - 2,250 sqft",8200,₹88.5 Lakhs - ₹184.5 Lakhs,0.89,248,Zero Flood Risk (Elevated Ridge),BMRDA / DTCP / VDA / LDA,Approved & Registered,"Aravali foothill gravel, high natural runoff",40 - 60 Feet Asphalt,Underground Storm Grids + Central STP,Piped Potable Water < 300 ppm,20,Satellite Ring Road,60,✅ Critic AI Sanction Approved,Peripheral location requiring personal vehicle,85,,,DTCP Deen Dayal Jan Awas Yojna (DDJAY) & HARERA Layout Sanction Registry | Town Planning & Revenue Land Survey Map | State Highway / NHAI Alignment Master Plan,2026-10-03 17:09:30
#12,Godrej Palm Retreat Plotted Enclave,Delhi-NCR,Sector 150 - Noida Expressway,Godrej Properties,"1,800 - 4,500 sqft",14200,₹255.6 Lakhs - ₹639.0 Lakhs,2.56,205,Zero Flood Risk (Elevated Ridge),BMRDA / DTCP / VDA / LDA,Approved & Registered,Engineered sand gravel bed with rapid drainage fall,40 - 60 Feet Asphalt,Underground Storm Grids + Central STP,Piped Potable Water < 300 ppm,20,Satellite Ring Road,60,✅ Critic AI Sanction Approved,Peripheral location requiring personal vehicle,85,,,Noida Authority Sanctioned & UP RERA Registered Layout Sanction Registry | Town Planning & Revenue Land Survey Map | State Highway / NHAI Alignment Master Plan,2026-10-03 17:09:30
#13,My Home Ankura Plotted Enclave,Hyderabad,Tellapur - Financial District Extn,My Home Group,"2,400 - 4,800 sqft",9800,₹235.2 Lakhs - ₹470.4 Lakhs,2.35,574,Zero Flood Risk (Elevated Ridge),BMRDA / DTCP / VDA / LDA,Approved & Registered,Granite weathered red soil (High percolation gradient),40 - 60 Feet Asphalt,Underground Storm Grids + Central STP,Piped Potable Water < 300 ppm,20,Satellite Ring Road,60,✅ Critic AI Sanction Approved,Peripheral location requiring personal vehicle,85,,,HMDA & TSRERA Registered Layout Sanction Registry | Town Planning & Revenue Land Survey Map | State Highway / NHAI Alignment Master Plan,2026-10-03 17:09:30
#14,Aparna Dharti Gated Plots,Hyderabad,Dundigal - ORR Exit 5,Aparna Constructions,"1,800 - 3,600 sqft",5200,₹93.6 Lakhs - ₹187.2 Lakhs,0.94,598,Zero Flood Risk (Elevated Ridge),BMRDA / DTCP / VDA / LDA,Approved & Registered,"Red gravel soil, zero water accumulation",40 - 60 Feet Asphalt,Underground Storm Grids + Central STP,Piped Potable Water < 300 ppm,20,Satellite Ring Road,60,✅ Critic AI Sanction Approved,Peripheral location requiring personal vehicle,85,,,HMDA & TSRERA Registered Layout Sanction Registry | Town Planning & Revenue Land Survey Map | State Highway / NHAI Alignment Master Plan,2026-10-03 17:09:30
#15,Rajapushpa Green Dale Plots,Hyderabad,Tellapur - Osmansagar Ridge,Rajapushpa Properties,"2,700 - 5,400 sqft",10500,₹283.5 Lakhs - ₹567.0 Lakhs,2.83,568,Zero Flood Risk (Elevated Ridge),BMRDA / DTCP / VDA / LDA,Approved & Registered,"Rocky basaltic terrain, zero water retention",40 - 60 Feet Asphalt,Underground Storm Grids + Central STP,Piped Potable Water < 300 ppm,20,Satellite Ring Road,60,✅ Critic AI Sanction Approved,Peripheral location requiring personal vehicle,85,,,HMDA Approved Layout & TSRERA Layout Sanction Registry | Town Planning & Revenue Land Survey Map | State Highway / NHAI Alignment Master Plan,2026-10-03 17:09:30
#16,Eldeco Shaurya Gated Plots,Varanasi & Eastern UP 100km Corridor,"Varanasi-Lucknow NH-56 Highway, Shivpur Extn",Eldeco Group,"1,350 - 3,600 sqft (150 - 400 sq yd)",4500,₹60.7 Lakhs - ₹162.0 Lakhs,0.61,88,Zero Flood Risk (Elevated Ridge),BMRDA / DTCP / VDA / LDA,Approved & Registered,High coarse silt-loam terrace (Immune to Ganga & Varuna backwaters: +14m above Ganga 1978 HFL),40 - 60 Feet Asphalt,Underground Storm Grids + Central STP,Piped Potable Water < 300 ppm,20,Satellite Ring Road,60,✅ Critic AI Sanction Approved,Peripheral location requiring personal vehicle,85,,,VDA (Varanasi Development Authority) Sanctioned & UP RERA Registered Layout Sanction Registry | Town Planning & Revenue Land Survey Map | State Highway / NHAI Alignment Master Plan,2026-10-03 17:09:30
#17,PDA Sangam Vihar Gated Plotted Scheme,Varanasi & Eastern UP 100km Corridor,"Civil Lines Extn - Jhalwa Elevated Sector, Prayagraj",Prayagraj Development Authority (PDA),"1,800 - 4,500 sqft (200 - 500 sq yd)",4800,₹86.4 Lakhs - ₹216.0 Lakhs,0.86,102,Zero Flood Risk (Elevated Ridge),BMRDA / DTCP / VDA / LDA,Approved & Registered,"Consolidated alluvial ridge, natural gravity stormwater fall into Sasur Khaderi ravine",40 - 60 Feet Asphalt,Underground Storm Grids + Central STP,Piped Potable Water < 300 ppm,20,Satellite Ring Road,60,✅ Critic AI Sanction Approved,Peripheral location requiring personal vehicle,85,,,PDA Statutory Government Scheme & Freehold Registry Layout Sanction Registry | Town Planning & Revenue Land Survey Map | State Highway / NHAI Alignment Master Plan,2026-10-03 17:09:30
#18,Mirzapur Vindhya Enclave Gated Plots,Varanasi & Eastern UP 100km Corridor,"Vindhyachal Corridor Highway NH-135, Mirzapur",Roma Builders & Promoters,"1,500 - 3,000 sqft",3200,₹48.0 Lakhs - ₹96.0 Lakhs,0.48,94,Zero Flood Risk (Elevated Ridge),BMRDA / DTCP / VDA / LDA,Approved & Registered,Sandstone rocky base with fast surface gradient to natural hill ravines,40 - 60 Feet Asphalt,Underground Storm Grids + Central STP,Piped Potable Water < 300 ppm,20,Satellite Ring Road,60,✅ Critic AI Sanction Approved,Peripheral location requiring personal vehicle,85,,,VDA & UP RERA Registered Layout Sanction Registry | Town Planning & Revenue Land Survey Map | State Highway / NHAI Alignment Master Plan,2026-10-03 17:09:30
#19,Tata Rio De Goa Plotted Enclave,Goa,Dabolim - Zuari River Scenic Valley,Tata Housing Development Company,"2,400 - 4,800 sqft",4800,₹1.15 Cr,0.01,35,Zero Flood Risk (Elevated Ridge),Mormugao Planning and Development Authority (MPDA),Approved & Registered,Excellent Laterite Infiltration,40 - 60 Feet Asphalt,Underground Storm Grids + Central STP,Piped Potable Water < 300 ppm,20,Satellite Ring Road,60,✅ Critic AI Sanction Approved,Peripheral location requiring personal vehicle,85,,https://rera.goa.gov.in/,District Town Planning Authority,2026-10-03 17:09:30
#20,AIPL DreamCity Plotted Agro-Park,Punjab & Haryana,"GT Road, Khanna - Ludhiana Belt",AIPL (Advance India Projects Limited),"2,250 - 4,500 sqft",3100,₹69.75 L,0.7,255,Zero Flood Risk (Elevated Ridge),GLADA Approved Mega Integrated Township,Approved & Registered,High Loamy Alluvial Absorption,40 - 60 Feet Asphalt,Underground Storm Grids + Central STP,Piped Potable Water < 300 ppm,20,Satellite Ring Road,60,✅ Critic AI Sanction Approved,Peripheral location requiring personal vehicle,85,,https://rera.punjab.gov.in/,District Town Planning Authority,2026-10-03 17:09:30
#21,Omaxe Metro City Plotted Township,Lucknow,Raebareli Road - Shaheed Path Node,Omaxe Limited,"1,500 - 2,400 sqft (Gated Plots)",4800,86.4,0.86,123,Zero Flood Risk (Elevated Ridge),BMRDA / DTCP / VDA / LDA,Approved & Registered,High (Alluvial Sandy Loam),40,Underground Storm Grids + Central STP,Piped Potable Water < 300 ppm,20,Satellite Ring Road,60,✅ Critic AI Sanction Approved,Peripheral location requiring personal vehicle,85,,,LDA & UP RERA Public Portal,2026-10-03 17:09:30
#22,Adwalpalkar Horizon Hillside Plotted Enclave,Goa,"Porvorim - Alto Guirim Ridge, North Goa",Adwalpalkar Constructions,"2,400 - 4,500 sqft (Sanad Approved)",6500,156.0,1.56,48,Zero Flood Risk (Elevated Ridge),BMRDA / DTCP / VDA / LDA,Approved & Registered,Excellent (Laterite Rock),40 - 60 Feet Asphalt,Underground Storm Grids + Central STP,Piped Potable Water < 300 ppm,20,Satellite Ring Road,60,✅ Critic AI Sanction Approved,Peripheral location requiring personal vehicle,85,,,Goa RERA & NGPDA Approved Master Plan,2026-10-03 17:09:30
#23,Saldanha Sunshine Gated Coconut Grove Estates,Goa,"Aldona Heritage Riverfront Belt, North Goa",Saldanha Developers,"3,000 - 6,000 sqft",5200,156.0,1.56,26,Zero Flood Risk (Elevated Ridge),BMRDA / DTCP / VDA / LDA,Approved & Registered,High (Lateritic Soil),40 - 60 Feet Asphalt,Underground Storm Grids + Central STP,Piped Potable Water < 300 ppm,20,Satellite Ring Road,60,✅ Critic AI Sanction Approved,Peripheral location requiring personal vehicle,85,,,Goa TCP Registry,2026-10-03 17:09:30
#24,TDI City Mohali Sector 118 Gated Enclave,Punjab & Haryana,"Sector 118, Mohali Airport Road Expressway",TDI Infratech,"1,800 - 3,600 sqft (200 - 400 sq yards)",5400,97.2,0.97,314,Zero Flood Risk (Elevated Ridge),BMRDA / DTCP / VDA / LDA,Approved & Registered,High (Alluvial Loam),40 - 60 Feet Asphalt,Underground Storm Grids + Central STP,Piped Potable Water < 300 ppm,20,Satellite Ring Road,60,✅ Critic AI Sanction Approved,Peripheral location requiring personal vehicle,85,,,GMADA & Punjab RERA Registry,2026-10-03 17:09:30
#25,Eldeco Estate One Ludhiana GT Road,Punjab & Haryana,"GT Road (NH-44), Ludhiana",Eldeco Group,"2,250 - 4,500 sqft (250 - 500 sq yards)",4500,101.25,1.01,250,Zero Flood Risk (Elevated Ridge),BMRDA / DTCP / VDA / LDA,Approved & Registered,Moderate to High,40 - 60 Feet Asphalt,Underground Storm Grids + Central STP,Piped Potable Water < 300 ppm,20,Satellite Ring Road,60,✅ Critic AI Sanction Approved,Peripheral location requiring personal vehicle,85,,,GLADA & Punjab RERA,2026-10-03 17:09:30
#26,Kashi Smart Plotted City (Babatpur Airport Road),Varanasi (Kashi / Banaras),"Babatpur Airport Expressway, Varanasi",UP Awas Vikas & VDA Approved JV,"1,500 - 3,000 sqft (Freehold Residential)",3800,57.0,0.57,88,Zero Flood Risk (Elevated Ridge),BMRDA / DTCP / VDA / LDA,Approved & Registered,Excellent (Gangetic Sandy Loam),40 - 60 Feet Asphalt,Underground Storm Grids + Central STP,Piped Potable Water < 300 ppm,20,Satellite Ring Road,60,✅ Critic AI Sanction Approved,Peripheral location requiring personal vehicle,85,,,VDA & UP RERA Public Registry,2026-10-03 17:09:30
#27,Eldeco County Gated Plotted Township,Lucknow,"Kisan Path Outer Ring Road Junction, Lucknow",Eldeco Group,"1,800 - 3,600 sqft",3400,61.2,0.61,122,Zero Flood Risk (Elevated Ridge),BMRDA / DTCP / VDA / LDA,Approved & Registered,High (Alluvial Loam),40 - 60 Feet Asphalt,Underground Storm Grids + Central STP,Piped Potable Water < 300 ppm,20,Satellite Ring Road,60,✅ Critic AI Sanction Approved,Peripheral location requiring personal vehicle,85,,,LDA & UP RERA Public Registry,2026-10-03 17:09:30
