Micro_Market_Name,City_Corridor,State,Viability_Score_0_100,Verdict_Tag,Flood_Risk_Category,Elevation_m_MSL,Datum_vs_Basin,Historical_Flood_Incidents,Traffic_Delay_Index,Avg_Peak_Speed_kmh,Wasted_Commute_Hours_Monthly,Water_Supply_Type,Groundwater_Depth_m,Water_TDS_ppm,Tanker_Reliance_Index,Top_Active_Builders,Academic_Civic_Citation
Bellandur & Green Glen Layout,bengaluru,Karnataka,46,🔴 High-Risk Avoidance Zone,🔴 Severe Waterlogging (Lake Valley Depression),872,-12m below surrounding HSR ridge,6,2.5,10.5,42,Partial BWSSB + 65% Private Tanker Dependent,290,520,8.5,"Sobha, Assetz, Sterling, Adarsh",blr-water-log (diagram-chasing): Bellandur-Ecospace SWD catchment overflow record.
Outer Ring Road (Kadubeesanahalli - Marathahalli),bengaluru,Karnataka,62,🟡 Watchlist / Caution (Traffic Stress),🟡 Moderate Monsoon Stress (Localized Drain Spills),884,+6m above Bellandur lakebed,4,2.65,9.8,48,BWSSB Cauvery Stage IV Piped (70%) + Society STP,240,380,4.5,"Prestige, Sobha, Embassy, Salarpuria Sattva",Bangalore Traffic Wasted Time Predictor: Highest commute loss corridor in Bengaluru.
Whitefield & ITPL Main Road,bengaluru,Karnataka,75,🟢 Prime Resilient Buy / Rent,🟢 Low Inundation Risk (Plateau Ridge),898,+24m above Bellandur basin,2,2.1,14.2,34,BWSSB Piped (Stage V expanding) + Deep Borewell + Tanker,310,440,5.0,"Prestige, Brigade, Godrej, Sobha, Total Environment",Urban Flood Risk Mapping (RushilGargash08): Whitefield plateau demonstrates high elevation resilience.
Sarjapur Road & Carmelaram,bengaluru,Karnataka,48,🔴 High-Risk Avoidance Zone,🔴 Severe Waterlogging (Rainbow Drive Depression),880,-8m in layout basins,5,2.4,11.0,39,75% Private Tanker Dependent (BWSSB Phase-2 underway),350,610,8.8,"Godrej, Prestige, Assetz, Mana Projects",India Flood Inventory (IIT Delhi HydroSense): Rainbow Drive chronic monsoon flooding records.
Hebbal & Manyata Tech Park,bengaluru,Karnataka,72,🟢 Prime Resilient Buy / Rent,🟡 Moderate Monsoon Stress (Hebbal Lake Overflow),915,+35m elevated ridge,3,2.25,13.5,36,BWSSB Piped (75%) + Borewell,210,310,3.8,"Sobha, Godrej, Brigade, L&T Realty",Bengaluru Traffic Flow Optimizer (Bhupendra-DS): Hebbal interchange bottleneck metrics.
HSR Layout (Sectors 1 - 7),bengaluru,Karnataka,84,🟢 Prime Resilient Buy / Rent,🟢 Low Inundation Risk (Planned BDA Ridge),895,+20m above Bellandur lake basin,2,1.85,17.5,28,85% BWSSB Cauvery Piped Supply,180,280,2.2,"Sobha, Puravankara, BDA Independent Plots",India Geodata (yashveeeeeeer): HSR planned layout ward contour resilience.
Electronic City (Phase 1 & 2),bengaluru,Karnataka,81,🟢 Prime Resilient Buy / Rent,🟢 Low Inundation Risk (Elevated Industrial Ridge),890,+18m natural gradient,1,1.7,22.0,22,Cauvery Piped (expanding) + ELCITA Recycled Water,220,340,3.2,"Godrej, Prestige, Sobha, Brigade",ELCITA Smart City Civic Infrastructure Audit 2024.
Andheri West (Subway & Lokhandwala Depression),mumbai_mmr,Maharashtra,38,🔴 High-Risk Avoidance Zone,🔴 Severe Waterlogging (Chronic Subway Inundation),6,-4m below surrounding railway grade,14,2.7,8.5,52,90% BMC Piped Supply,25,140,1.5,"Oberoi Realty, Runwal, Kalpataru, Lodha",Moneycontrol / BMC Disaster Mgmt: Andheri subway annual monsoon paralysis reports.
Kurla & Sion Chunabhatti (Mithi River Basin),mumbai_mmr,Maharashtra,34,🔴 High-Risk Avoidance Zone,🔴 Severe Waterlogging (Mithi River Tidal Floodplain),4,-6m low-lying reclaimed swamp,18,2.6,9.2,49,85% BMC Piped Supply,20,160,2.0,"Rustomjee, HDIL (Stalled), Local Redevelopers",BRIMSTOWAD BMC Audit & IIT Bombay Urban Flood Resilience study.
Bandra Kurla Complex (BKC) & Bandra East,mumbai_mmr,Maharashtra,78,🟢 Prime Resilient Buy / Rent,🟡 Moderate Monsoon Stress (Peripheral Puddling),12,+6m elevated engineered platform,3,2.3,14.0,40,95% BMC Piped Supply,35,115,1.0,"Sunteck, Rustomjee, Adani Realty, Kanakia",MMRDA Disaster Management Review: BKC high plinth development standards.
Powai & Hiranandani Gardens,mumbai_mmr,Maharashtra,86,🟢 Prime Resilient Buy / Rent,🟢 Low Inundation Risk (Elevated Natural Bowl Ridge),38,+32m above Mithi basin,1,2.15,15.5,33,92% BMC Piped + Hiranandani Sewage Recycling,45,130,1.2,"Hiranandani Group, L&T Realty, K Raheja Corp, Godrej",Urban Flood Risk Mapping (RushilGargash08): Powai rocky terrain elevation resilience.
Thane West (Ghodbunder Road),mumbai_mmr,Maharashtra,74,🟢 Prime Resilient Buy / Rent,🟢 Low Inundation Risk (Yeoor Foothills),22,+18m above Ulhas creek level,2,2.2,16.0,35,TMC Piped (75%) + Water Cuts in Summer (Tanker required),50,210,4.5,"Lodha, Hiranandani, Kalpataru, Puraniks, Rustomjee",TMC Environmental Status Report: Foothill stormwater runoff management.
Navi Mumbai (Vashi & Seawoods),mumbai_mmr,Maharashtra,90,🟢 Prime Resilient Buy / Rent,🟢 Low Inundation Risk (Engineered Dutch Holding Ponds),8,+4m with flap gates,1,1.65,26.0,19,95% NMMC Piped Supply (Morbe Dam 24x7),30,110,0.8,"L&T Realty, Godrej, Marathon, Hiranandani",CIDCO Dutch Holding Pond Engineering Case Study: Best-in-class flood prevention in India.
Western Suburbs (Goregaon & Malad East - WEH),mumbai_mmr,Maharashtra,71,🟢 Prime Resilient Buy / Rent,🟡 Moderate Monsoon Stress (WEH Slip Road Overflow),16,+10m above Oshiwara river channel,4,2.35,12.8,41,88% BMC Piped Supply,35,135,1.8,"Oberoi Realty, Lodha, Omkar, K Raheja Corp",Mumbai Traffic Incident Analytics: WEH commuter delay study.
Velachery & Madipakkam,chennai,Tamil Nadu,36,🔴 High-Risk Avoidance Zone,🔴 Severe Waterlogging (Lakebed Basin & Marshland Encroachment),3,-5m below surrounding Guindy ridge,11,2.4,11.5,44,Partial Metro Water + Heavy Tanker Dependency (60%),12,680,7.5,"Sobha, Casagrand, Appaswamy, Ceebros",Urban-Flood-Risk-Mapping (RushilGargash08): Velachery-calibrated MLP model identifies chronic inundation risk.
Perungudi & OMR IT Corridor (Tidel to Thoraipakkam),chennai,Tamil Nadu,49,🔴 High-Risk Avoidance Zone,🔴 Severe Waterlogging (Pallikaranai Marsh Fringe),5,-2m adjacent to marsh spillway,7,2.35,12.0,41,CMWSSB Desalination Supply (40%) + 60% Tanker Dependent,15,620,7.8,"Brigade, Casagrand, Bhartiya, Radiance",Chennai Flood Risk Model (Samuel Jebakumar / TNGIS): Ward-level marshland vulnerability.
Sholinganallur & Semmancheri,chennai,Tamil Nadu,63,🟡 Watchlist / Caution (Monsoon Stress),🟡 Moderate Monsoon Stress (Buckingham Canal Spills),7,+3m above marsh level,5,2.1,15.0,34,CMWSSB Nemmeli Desalination (55%) + Tanker,18,490,5.5,"Prestige, Casagrand, Appaswamy, Adroit",The Hindu / TNGIS Infrastructure Audit: Sholinganallur stormwater culverts upgrade.
Guindy & Alandur (Kathipara Ridge),chennai,Tamil Nadu,85,🟢 Prime Resilient Buy / Rent,🟢 Low Inundation Risk (Elevated Natural Ridge),19,+16m above Adyar river plain,1,1.85,18.5,26,85% CMWSSB Piped Supply,22,290,2.0,"Puravankara, Akshaya, Navin's, Appaswamy",India Geodata (yashveeeeeeer): Kathipara elevation profile & flood immunity.
East Coast Road (Palavakkam - Neelankarai),chennai,Tamil Nadu,83,🟢 Prime Resilient Buy / Rent,🟢 Low Inundation Risk (Coastal Sand Dune Aquifer),9,+6m coastal sand dunes,2,1.75,22.5,22,Freshwater Coastal Aquifer (Sweet Water) + CMWSSB,8,220,1.5,"Casagrand, Ceebros, Olympia, Individual Coastal Villas",TNGIS Coastal Hydrogeology Survey: Sandy aquifer rapid infiltration study.
Porur & Ramapuram,chennai,Tamil Nadu,69,🟡 Watchlist / Caution (Monsoon Stress),🟡 Moderate Monsoon Stress (Porur Lake Catchment),14,+8m above Chembarambakkam outflow,4,2.15,14.5,34,CMWSSB Piped (65%) + Borewell,25,410,4.2,"Casagrand, Prestige, Appaswamy, Urbanrise",GCC Stormwater Audit 2024: Chembarambakkam overflow management.
Pallikaranai Wetland Fringe,chennai,Tamil Nadu,30,🔴 High-Risk Avoidance Zone,🔴 Severe Waterlogging (Ecological Wetland Reservoir Basin),2,-7m lowest natural sink of South Chennai,15,2.5,10.0,46,70% Tanker Dependent (High Groundwater Salinity),6,850,8.9,"Local Layout Developers, Radiance, Puravankara (Peripheral)",NGT / Madras High Court Pallikaranai Wetland Buffer Zone Directive.
Yamuna Bank & Mayur Vihar Ph-1 Ext,delhi_ncr,Delhi / UP,42,🔴 High-Risk Avoidance Zone,🔴 Severe Waterlogging (Yamuna Active Floodplain Encroachment),204,-2m below Yamuna High Flood Level (HFL 208.66m),8,2.45,12.0,43,DJB Piped (75%),15,540,3.0,"DDA Co-operative Societies, Ajnara, Supertech (Legacy)",CWC / IFCD Delhi Flood Report 2023: Yamuna record 208.66m breach analysis.
Barapullah Phase-III / Sarai Kale Khan Corridor,delhi_ncr,Delhi,44,🔴 High-Risk Avoidance Zone,🔴 Severe Waterlogging (Drain Overflows & Choke Bottleneck),210,+2m above Barapullah nala bed,6,2.8,8.2,54,85% DJB Piped Supply,28,410,2.1,"DDA Redevelopment, Private Builders Lajpat Nagar",Hindustan Times: Barapullah Phase-III 90-degree abrupt lane ending bottleneck study.
Gurugram (Cyber City & DLF Phase 2),delhi_ncr,Haryana,76,🟢 Prime Resilient Buy / Rent,🟡 Moderate Monsoon Stress (NH-48 Underpass Flooding),225,+18m above Yamuna flood levels,5,2.3,14.0,40,GMDA Canal Water Piped (80%) + Private Tubewell,75,360,3.0,"DLF Limited, Emaar India, M3M, Puri Constructions",GMDA Urban Drainage Masterplan: Cyber City flood mitigation pumps.
Gurugram (Golf Course Extension Road - Sec 62-67),delhi_ncr,Haryana,83,🟢 Prime Resilient Buy / Rent,🟢 Low Inundation Risk (Aravalli Ridge Incline),232,+25m high natural slope,1,1.75,24.5,23,GMDA Piped Supply (65%) + Sector Deep Borewell,85,440,4.5,"M3M, Emaar, Trump Tower / Tribeca, Puri, Anant Raj",GMDA Sector Drainage & Aravalli Watershed Survey.
Noida Expressway (Sector 150 & 137),delhi_ncr,Uttar Pradesh,88,🟢 Prime Resilient Buy / Rent,🟢 Low Inundation Risk (Master Planned Authority Grid),208,+6m above Hindon river confluence,2,1.6,28.0,18,Noida Authority Ganga Water Piped Supply (85%),42,240,1.8,"Godrej Properties, Tata Housing, Eldeco Group, ATS Group, Ace Group",Noida Master Plan 2031: Low-density green sector 150 drainage resilience.
South Delhi (Defence Colony & Greater Kailash),delhi_ncr,Delhi,87,🟢 Prime Resilient Buy / Rent,🟢 Low Inundation Risk (Elevated Natural Ridge),218,+14m above Yamuna flood levels,2,2.05,16.5,32,95% DJB Piped Water Supply,55,310,1.0,"DLF (Boutique), High-end Private Collaborations, Godrej (Okhla)",India Geodata (yashveeeeeeer): South Delhi elevation and municipal infrastructure.
Dwarka Expressway (Gurugram Sectors 102 - 113),delhi_ncr,Haryana,75,🟢 Prime Resilient Buy / Rent,🟡 Moderate Monsoon Stress (Najafgarh Drain Fringe),222,+12m above Najafgarh basin,3,1.7,27.0,20,GMDA Canal Pipeline (under deployment 60%) + Tankers,60,480,5.2,"Sobha Limited, Hero Homes, Godrej, Puri Diplomatic Greens, Tata Housing",NHAI Dwarka Expressway Engineering & Stormwater Runoff Design.
Gachibowli & Financial District,hyderabad,Telangana,82,🟢 Prime Resilient Buy / Rent,🟢 Low Inundation Risk (Rocky Plateau Elevation),545,+45m above Musi river level,2,2.05,17.5,33,HMWSSB Godavari / Krishna Piped Supply (80%),85,280,3.0,"Prestige Group, Aparna Constructions, My Home Group, Brigade, Sumadhura",GHMC Strategic Nala Development Programme (SNDP) IT Corridor Audit.
HITECH City & Madhapur (Durgam Cheruvu Fringe),hyderabad,Telangana,70,🟢 Prime Resilient Buy / Rent,🟡 Moderate Monsoon Stress (Lake Catchment Encroachment),530,+15m ridge with depression near Durgam Cheruvu,4,2.25,13.5,38,HMWSSB Piped Supply (75%) + Borewell,90,310,3.5,"My Home Group, Prestige, Jayabheri, Lodha",Hyderabad IT Corridor Congestion Engine & Durgam Cheruvu Nala Study.
Kondapur & Hafeezpet,hyderabad,Telangana,81,🟢 Prime Resilient Buy / Rent,🟢 Low Inundation Risk (Elevated Rocky Ridge),552,+50m elevated terrain,1,1.9,18.0,28,HMWSSB Piped Supply (70%) + Deep Borewell,95,330,3.8,"Aparna Constructions, My Home, Candeur, SMR Holdings",GHMC Ward Contour Analysis: Kondapur ridge resilience.
Kukatpally & KPHB Colony,hyderabad,Telangana,58,🟡 Watchlist / Caution (Monsoon Stress),🔴 Severe Waterlogging (Kukatpally Nala Overflow),525,-10m low-lying catchment basin,6,2.3,12.5,39,85% HMWSSB Piped Supply,60,380,2.2,"Lodha (Bellezza), Manbhum, Incor, Local Developers",GHMC SNDP Phase-1: Kukatpally Nala revamping report.
Tellapur & Kollur (ORR Exit 2),hyderabad,Telangana,76,🟢 Prime Resilient Buy / Rent,🟢 Low Inundation Risk (Planned Gated Township Sector),538,+25m high ground,2,1.65,26.0,18,40% HMWSSB (Expanding) + 60% Tanker Dependent,110,420,7.0,"My Home (Sayuk / Tridasa), Aparna (Sarovar), Rajapushpa, Murowani",HMDA Master Plan 2031: West Hyderabad Growth Corridor Water Drainage Design.
Musi River Basin Fringe (Moosarambagh & Chaderghat),hyderabad,Telangana,32,🔴 High-Risk Avoidance Zone,🔴 Severe Waterlogging (Musi River Inundation & Dam Gates Open),488,-25m lowest regional valley floor,12,2.5,10.5,45,80% HMWSSB Piped Supply,18,590,2.5,"Local Independent Builders, Old City Redevelopers",GHMC & Central Water Commission Musi River Floodplain Encroachment Survey.
Nallagandla & Gopanpally,hyderabad,Telangana,83,🟢 Prime Resilient Buy / Rent,🟢 Low Inundation Risk (Scenic Ridge & Lake Buffer),548,+30m elevated plateau,1,1.75,22.0,21,HMWSSB Piped (65%) + Society STP,88,320,4.0,"Aparna (Sarovar Zenith), Manjeera, Ramky",Telangana State Lake Protection Committee Nallagandla Buffer demarcation.
Varanasi Core (Godowlia - Chowk - Dashashwamedh),varanasi_100km,Uttar Pradesh,40,🔴 High-Risk Avoidance Zone,🔴 Severe Waterlogging (Ancient Narrow Street Grid),76,"+4m above normal river level, submerged during Ganga peak",7,3.1,5.5,58,70% UP Jal Sansthan (Bhadaini Plant),22,290,2.5,"Traditional Heritage Haveli Owners, Local Traders",Varanasi Interactive Dashboard (PurpleVen / MoHUA): Ancient core street congestion study.
Varanasi (Ganga-Varuna Confluence & Sarai Mohana),varanasi_100km,Uttar Pradesh,33,🔴 High-Risk Avoidance Zone,🔴 Severe Waterlogging (Riverine Flood Spillway & Lowland Silt),72,-2m below High Flood Level (HFL 73.90m),11,2.2,14.0,36,Jal Sansthan + Tube Wells,16,340,3.0,"Local Colonizers, Unauthorized Floodplain Layouts",Varanasi City Region Flood Risk Study (ResearchGate): 1-meter DEM Varuna floodplain inundation analysis.
Varanasi (Cantt & Shivpur - Airport Highway),varanasi_100km,Uttar Pradesh,89,🟢 Prime Resilient Buy / Rent,🟢 Low Inundation Risk (Elevated Cantonment Alluvial Ridge),82,+10m above Ganga High Flood Level,0,1.7,24.0,20,85% UP Jal Sansthan Deep Tubewell Supply,32,260,1.2,"Eldeco Group, Omaxe, Shree Ram Group, Awadh Builders",Predict River Disaster - Ganga River (Devesh-Singh-Gouni): Safe elevated terrace zone.
Ramnagar & NH-19 Bypass (Southern Ganga Bank),varanasi_100km,Uttar Pradesh,80,🟢 Prime Resilient Buy / Rent,🟢 Low Inundation Risk (Elevated Fortified Bank),80,+8m high sandstone bluff,2,1.85,22.0,25,Ramnagar Nagar Palika Piped Supply + Tube Wells,28,310,2.2,"Eldeco Group, Kashi Infra, Ganga View Developers",VMC & PWD Varanasi Infrastructure Review: Samne Ghat Bridge impact.
Mughalsarai / Pt. Deen Dayal Upadhyaya Nagar (Chandauli),varanasi_100km,Uttar Pradesh,71,🟢 Prime Resilient Buy / Rent,🟡 Moderate Monsoon Stress (Railway Culvert Stagnation),78,+5m above flood line,3,2.2,14.0,34,Railway & Nagar Palika Deep Tube Wells (80%),30,350,2.5,"Eastern UP Infra, Chandauli Housing Board",India Geodata (yashveeeeeeer): DDU Nagar railway junction topography.
Prayagraj (Baghada & Salori - Sangam Lowlands),varanasi_100km,Uttar Pradesh,31,🔴 High-Risk Avoidance Zone,🔴 Severe Waterlogging (Ganga-Yamuna Confluence Floodplain),79,-4m below Sangam High Flood Level (HFL 86.40m),14,2.4,11.0,42,Jal Sansthan Piped + Submersible Pumps,14,420,3.2,"Private Student Lodge Owners, Unregulated Colonizers",IIT Gandhinagar India Flood Atlas (wcl-iitgn): Historical Ganga-Yamuna Doab inundations 1901-2020.
Prayagraj (Civil Lines & Ashok Nagar),varanasi_100km,Uttar Pradesh,92,🟢 Prime Resilient Buy / Rent,🟢 Low Inundation Risk (Elevated British Grid Plateau),92,+14m above maximum Sangam flood mark,0,1.7,22.0,22,90% Jal Sansthan Piped Supply (Clean Groundwater),35,240,1.0,"Omaxe Limited, Shalimar Corp, Eldeco Group, Sangam Infratech",Prayagraj Smart City / ADA Master Plan 2031: Civil lines flood immunity records.
Mirzapur (Vindhyan Runoff & Ganga Ghats),varanasi_100km,Uttar Pradesh,68,🟡 Watchlist / Caution (Monsoon Stress),🟡 Moderate Monsoon Stress (Foothill Flash Streams),84,"+6m rocky bank, but flash torrents from Vindhya hills",5,1.8,18.0,26,UP Jal Nigam Surface Water Piped (65%),40,310,3.0,"Vindhya Colonizers, UP Housing Board",Google Earth Engine Sentinel-1 SAR: Mirzapur Vindhyan runoff surface pooling model.
Jaunpur (Gomti River Basin & Shahi Bridge Choke),varanasi_100km,Uttar Pradesh,39,🔴 High-Risk Avoidance Zone,🔴 Severe Waterlogging (Gomti Flash Inundation & Historic Bridge Choke),81,-3m below Gomti riverbank embankment,8,2.7,9.5,47,Jaunpur Jal Sansthan (70% Piped),20,360,2.8,"Local Real Estate Developers, Jaunpur Vikas Samiti",IIT Delhi HydroSense (hydrosenselab): Gomti river catchment flash breach records.
Assagao & Anjuna Plateau,goa,Goa,88,🟢 Prime Resilient Buy / Rent,Zero Flood Risk (High Elevation Laterite Ridge),42,Elevated Laterite Tableland (+35m above coastal datum),0,1.65,28.0,14,Public Works Dept (PWD) Piped + Private Deep Wells,12,95,0.15,"Vianaar Homes, Isprava Luxury Villas, Acron",Goa WRD Elevation Survey 2024; High-end heritage boutique villa corridor
Panaji Central & Patto Waterfront,goa,Goa,62,🟡 Watchlist / Caution (Traffic Stress),Moderate Seasonal Inundation (High Tide Backflow),4,Low-Lying Tidal Estuary (-1.5m vs Mandovi Spring Tide),6,2.1,22.0,26,PWD Piped Water (Opa Water Works),8,140,0.2,"Adwalpalkar Constructions, Gera Developments",CCP Panaji Disaster Management Audit 2023; Mandovi flood embankment zone
Ponda & Valpoi Fertile Spice Belt,goa,Goa,92,🟢 Prime Resilient Buy / Rent,Zero Flood Risk (Rolling Horticultural Slopes),88,Western Ghats Foothill Basin (+75m above coastal plain),0,1.25,32.0,10,Perennial Spring Runoff + River Zuari & PWD Piped,10,85,0.05,"Organic Agroforestry Estates, Tata Housing Goa",ICAR-CCARI Old Goa Soil & Agroforestry Registry 2024
Calangute & Baga Coastal Basin,goa,Goa,48,🔴 High-Risk Avoidance Zone,High Vulnerability (Coastal Surges & Street Submergence),3,Depression behind coastal dunes (0m to +2m MSL),9,2.75,16.0,38,PWD Piped + Tanker Supplement,4,320,0.45,Local Commercial Developers,Goa Coastal Zone Management Authority (GCZMA) Hazard Mapping
Ludhiana South & Pakhowal Agro-Belt,punjab_fertile_basin,Punjab,86,🟢 Prime Resilient Buy / Rent,Low Inundation Risk (Graded Canal Network),252,Elevated Alluvial Plain (+18m vs Buddha Nullah),1,1.5,26.0,20,Municipal Deep Tube-Wells + Canal Network,42,310,0.05,"Omaxe Limited, Hero Realty, AIPL",GLADA Town Planning & Punjab Water Resources Dept 2024
Karnal Agri-Tech Belt (GT Road),punjab_fertile_basin,Haryana,91,🟢 Prime Resilient Buy / Rent,Zero Flood Risk (High Ground Tableland),258,Yamuna Upper Plain (Free Draining Alluvium),0,1.35,38.0,12,Western Yamuna Canal Feed + Sweet Groundwater Aquifers,28,240,0.02,"Eldeco Group, AIPL, Karnal Smart City",ICAR-CSSRI Karnal Soil & Irrigation Master Survey 2024
Mohali Aerocity & New Chandigarh (GMADA),punjab_fertile_basin,Punjab,93,🟢 Prime Resilient Buy / Rent,Zero Flood Risk (Modern Planned Grid),312,Shivalik Piedmont Plain (+45m above Ghaggar basin),0,1.3,34.0,16,GMADA Master Piped + Kajauli Water Works,35,260,0.05,"DLF North, Hero Realty, Sushma Group",GMADA Master Plan 2031 & Punjab RERA Directory
Gomti Nagar Extension & Shaheed Path,lucknow,Uttar Pradesh,25,🔴 High-Risk Avoidance Zone,Zero Flood Risk (Elevated Shaheed Path Ridge),124,+8m above natural drainage baseline,2,1.8,28.0,22,Jal Sansthan Master Piped + Deep Groundwater,24,210,0.1,"Omaxe, Rishita Developers, Eldeco Group, Shalimar Corp",LDA Master Plan 2031 & UP RERA Registry 2024
Sushant Golf City & Amar Shaheed Path,lucknow,Uttar Pradesh,22,🔴 High-Risk Avoidance Zone,Zero Flood Risk (Planned Township Storm Grids),126,+8m above natural drainage baseline,1,1.8,34.0,18,Jal Sansthan Piped + Township Centralized Deep Tubewells,26,195,0.08,"Ansal API, Rishita Developers, Oro Construction, Eldeco Group",LDA Approved Integrated Hi-Tech Township Survey 2024
Mohanlalganj & Kisan Path Outer Ring Belt,lucknow,Uttar Pradesh,22,🔴 High-Risk Avoidance Zone,Low Inundation Risk (Alluvial Natural Gradient),122,+8m above natural drainage baseline,0,1.8,38.0,14,Canal Feed + Sub-surface Sweet Aquifers,20,180,0.02,"Local Agro Planners, Kisan Path Developers, Eldeco Group",UP PWD Kisan Path Outer Ring Survey 2024
Malihabad Heritage GI Mango Corridor,lucknow,Uttar Pradesh,18,🔴 High-Risk Avoidance Zone,Zero Flood Risk (Heritage Elevated Orchard Terrain),128,+8m above natural drainage baseline,0,1.8,40.0,10,Sweet Alluvial Aquifers + Local Canal Distributary,18,175,0.02,"Heritage Agro Estates, Awadh Farm Developers",ICAR-CISH Central Institute for Subtropical Horticulture Survey
Sultanpur Road & Purvanchal Expressway Gateway,lucknow,Uttar Pradesh,26,🔴 High-Risk Avoidance Zone,Moderate Flood Risk (Purvanchal Highway Drainage),121,+8m above natural drainage baseline,1,1.8,32.0,16,Jal Nigam Deep Tube-Wells + Purvanchal Gateway Pipeline,22,190,0.05,"Pintail Park City, Shalimar Corp, Omaxe",Purvanchal Expressway Industrial Corridor Development Authority
