Rank_National,Property_Name,City_Corridor,Micro_Market,Builder_Name,Builder_Tier,BHK_Configuration,Carpet_Super_Sqft,Price_Per_Sqft_INR,Total_Price_Cr,Plinth_Elevation_m_MSL,Elevation_Delta_vs_Basin,Flood_Risk_Category,Annual_Inundation_Days,Water_Supply_Type,Water_TDS_ppm,Tanker_Reliance_Ratio,STP_and_Water_Infra,Traffic_Delay_Index,Peak_Speed_kmh,Road_Dist_City_Center_km,Expected_Completion,Property_Age_or_Status,Age_Handover_Metric,Upcoming_Phase_Details,Growth_Probability_Pct,Govt_Master_Plan_Catalyst,Projected_5Yr_Appreciation_Pct,Critic_AI_Verdict,Critic_AI_Red_Flags,Investment_Viability_Score,Google_Maps_Pin,RERA_Registry_URL,Data_Source_Citation,Last_Audit_Timestamp
#1,DLF The Crest,Delhi-NCR,Golf Course Road - Sec 54 Gurugram,DLF Limited,Tier 1 Premier National,3 BHK Luxury,2680,24500,6.57,235.0,+5.2m above surrounding basin,Zero Inundation (Elevated Foothills Slope),0 days/season,Piped Municipal + Deep Aquifer,300,0.05,MBBR Biological STP | Softener: Yes | IoT Meter: Yes | Gas: Yes,1.45,24,14,Q1 2026,Near Completion,Target: Q1 2026,Tower Aster (Pre-Handover Snagging),96,Gurugram Rapid Metro line station integration + 16-lane signal-free expressway + Direct Aravali green corridor,54.0,✅ Critic AI Validated,No severe civic issues reported,97.4,,https://haryanarera.gov.in/,State RERA Registry (DLF Limited Legal Filing) | Municipal Stormwater Master Plan (GIS Contour Elevation) | TomTom / Google Mobility Commute Index | Public Works Department / Metro Phase Infrastructure Blueprint,2026-10-03 16:42:17
#2,My Home Bhooja,Hyderabad,HITECH City - Knowledge City,My Home Group,Tier 1 Regional Champion,3 BHK Iconic Skyvilla,2595,14800,3.84,582.0,+5.2m above surrounding basin,Zero Inundation (High Granite Hillock),0 days/season,Piped Municipal + Deep Aquifer,300,0.05,MBBR Biological STP | Softener: Yes | IoT Meter: Yes | Gas: Yes,1.45,24,14,Q4 2026,Ready to Move,0 years,Tower Sapphire (Structure Complete),95,Hyderabad Metro Blue Line station walking distance + Inorbit Mall flyover + Bio-Diversity flyover network,55.0,✅ Critic AI Validated,No severe civic issues reported,96.5,,https://rera.telangana.gov.in/,State RERA Registry (My Home Group Legal Filing) | Municipal Stormwater Master Plan (GIS Contour Elevation) | TomTom / Google Mobility Commute Index | Public Works Department / Metro Phase Infrastructure Blueprint,2026-10-03 16:42:17
#3,Oberoi Sky City,Mumbai & MMR,Borivali East - WEH,Oberoi Realty,Tier 1 Premier National,3 BHK Grande,1420,26800,3.81,38.0,+5.2m above surrounding basin,Zero Inundation (Natural Granitic Base),0 days/season,Piped Municipal + Deep Aquifer,300,0.05,MBBR Biological STP | Softener: Yes | IoT Meter: Yes | Gas: Yes,1.45,24,14,June 2026,Under Construction,Target: June 2026,Tower Horizon (Finishing Works),95,Direct Metro Line 7 dedicated skywalk + Goregaon-Mulund Link Road (GMLR) twin tunnels + Coastal Road extension,44.0,✅ Critic AI Validated,No severe civic issues reported,96.2,,https://maharera.mahaonline.gov.in/,State RERA Registry (Oberoi Realty Legal Filing) | Municipal Stormwater Master Plan (GIS Contour Elevation) | TomTom / Google Mobility Commute Index | Public Works Department / Metro Phase Infrastructure Blueprint,2026-10-03 16:42:17
#4,Prestige Clairemont,Hyderabad,Kokapet - Neopolis SEZ,Prestige Group,Tier 1 Premier National,3 BHK Premium High-Rise,1980,11500,2.28,578.0,+5.2m above surrounding basin,Zero Inundation (Natural Granitic Slope),0 days/season,Piped Municipal + Deep Aquifer,300,0.05,MBBR Biological STP | Softener: Yes | IoT Meter: Yes | Gas: Yes,1.45,24,14,March 2027,Under Construction,Target: March 2027,Phase 2 Green Towers,95,Kokapet Neopolis SEZ 45m master roads + Direct ORR Trumpet Interchange + 100-acre Commercial CBD,58.0,✅ Critic AI Validated,No severe civic issues reported,95.4,,https://rera.telangana.gov.in/,State RERA Registry (Prestige Group Legal Filing) | Municipal Stormwater Master Plan (GIS Contour Elevation) | TomTom / Google Mobility Commute Index | Public Works Department / Metro Phase Infrastructure Blueprint,2026-10-03 16:42:17
#5,Purva Somerset House,Chennai,Guindy - Race Course,Puravankara Limited,Tier 1 Premier National,3 BHK Ultra-Luxury,1950,16200,3.16,18.0,+5.2m above surrounding basin,Elevated Geological Ridge (+12m above tidal surge),0 days/season,Piped Municipal + Deep Aquifer,300,0.05,MBBR Biological STP | Softener: Yes | IoT Meter: Yes | Gas: Yes,1.45,24,14,Ready to Move,Ready to Move,0 years,Final Units with OC Handover,93,Chennai Metro Corridor 3 & Corridor 5 multi-modal interchange at Kathipara + Anna Salai flyover link,42.0,✅ Critic AI Validated,No severe civic issues reported,95.1,,https://www.rera.tn.gov.in/,State RERA Registry (Puravankara Limited Legal Filing) | Municipal Stormwater Master Plan (GIS Contour Elevation) | TomTom / Google Mobility Commute Index | Public Works Department / Metro Phase Infrastructure Blueprint,2026-10-03 16:42:17
#6,Sobha Neopolis,Bengaluru,Panathur - Balagere Road,Sobha Limited,Tier 1 Premier National,3 BHK Luxury,1820,14200,2.58,884.0,+5.2m above surrounding basin,High Plinth (Elevated Natural Ridge),0 days/season,Piped Municipal + Deep Aquifer,300,0.05,MBBR Biological STP | Softener: Yes | IoT Meter: Yes | Gas: Yes,1.45,24,14,Dec 2026,Under Construction,Target: Dec 2026,Tower 4 & 5 (Structure Complete),92,Namma Metro Blue Line ORR Phase 2A (Kadubeesanahalli Stn 2026) + Balagere-Varthur 100ft CDP Road expansion,52.4,✅ Critic AI Validated,No severe civic issues reported,94.8,,https://rera.karnataka.gov.in/,State RERA Registry (Sobha Limited Legal Filing) | Municipal Stormwater Master Plan (GIS Contour Elevation) | TomTom / Google Mobility Commute Index | Public Works Department / Metro Phase Infrastructure Blueprint,2026-10-03 16:42:17
#7,Godrej South Estate,Delhi-NCR,Okhla Phase 1 - South Delhi,Godrej Properties,Tier 1 Premier National,3 BHK Ultra Luxury,2150,22500,4.84,218.0,+5.2m above surrounding basin,Zero Inundation (High Ridge Flank),0 days/season,Piped Municipal + Deep Aquifer,300,0.05,MBBR Biological STP | Softener: Yes | IoT Meter: Yes | Gas: Yes,1.45,24,14,March 2027,Upcoming Pre-Launch,Target: March 2027,Tower 6 & 7 (Under Construction),93,Delhi Metro Magenta & Violet Lines intersection + DDA Transit-Oriented Development (TOD) corridor,59.0,✅ Critic AI Validated,No severe civic issues reported,94.6,,https://delhirera.in/,State RERA Registry (Godrej Properties Legal Filing) | Municipal Stormwater Master Plan (GIS Contour Elevation) | TomTom / Google Mobility Commute Index | Public Works Department / Metro Phase Infrastructure Blueprint,2026-10-03 16:42:17
#8,L&T Seawoods Residences,Mumbai & MMR,Seawoods - Navi Mumbai,L&T Realty,Tier 1 Premier National,3 BHK Transit-Oriented,1350,21500,2.9,12.0,+5.2m above surrounding basin,Engineered CIDCO Polder Drainage (No waterlogging),0 days/season,Piped Municipal + Deep Aquifer,300,0.05,MBBR Biological STP | Softener: Yes | IoT Meter: Yes | Gas: Yes,1.45,24,14,Dec 2025,Under Construction,Target: Dec 2025,Avenue 3 (OC Expected Q4 2025),93,Navi Mumbai International Airport (NMIA 2025 operational) + Atal Setu MTHL connection (20 min to South Mumbai),58.2,✅ Critic AI Validated,No severe civic issues reported,94.5,,https://maharera.mahaonline.gov.in/,State RERA Registry (L&T Realty Legal Filing) | Municipal Stormwater Master Plan (GIS Contour Elevation) | TomTom / Google Mobility Commute Index | Public Works Department / Metro Phase Infrastructure Blueprint,2026-10-03 16:42:17
#9,Eldeco Surya Greens,Varanasi & Eastern UP 100km Corridor,Shivpur - North Varanasi Ridge,Eldeco Group,Tier 1 Regional Champion (North),3 BHK Prime Gated,1550,6900,1.07,85.0,+5.2m above surrounding basin,Zero Inundation (High Alluvial Ridge: +11m above Ganga HFL),0 days/season,Piped Municipal + Deep Aquifer,300,0.05,MBBR Biological STP | Softener: Yes | IoT Meter: Yes | Gas: Yes,1.45,24,14,Dec 2026,Under Construction,Target: Dec 2026,Phase 2 Ganga View Blocks,93,Varanasi 6-Lane Ring Road Phase 2 + Babatpur Airport 4-Lane Highway + Smart City Multi-Modal Hub,64.0,✅ Critic AI Validated,No severe civic issues reported,94.4,,https://up-rera.in/,State RERA Registry (Eldeco Group Legal Filing) | Municipal Stormwater Master Plan (GIS Contour Elevation) | TomTom / Google Mobility Commute Index | Public Works Department / Metro Phase Infrastructure Blueprint,2026-10-03 16:42:17
#10,Aparna Sarovar Zenith,Hyderabad,Nallagandla - Gachibowli,Aparna Constructions,Tier 1 Regional Champion,3 BHK Gated Park,1850,9800,1.81,560.0,+5.2m above surrounding basin,Zero Inundation (High Rocky Ridge),0 days/season,Piped Municipal + Deep Aquifer,300,0.05,MBBR Biological STP | Softener: Yes | IoT Meter: Yes | Gas: Yes,1.45,24,14,Ready to Move,Ready to Move,0 years,Occupancy Certificate Issued,92,Tellapur-Nallagandla 100ft road to ORR Exit 2 + Citizen Hospital healthcare corridor,41.0,✅ Critic AI Validated,No severe civic issues reported,94.2,,https://rera.telangana.gov.in/,State RERA Registry (Aparna Constructions Legal Filing) | Municipal Stormwater Master Plan (GIS Contour Elevation) | TomTom / Google Mobility Commute Index | Public Works Department / Metro Phase Infrastructure Blueprint,2026-10-03 16:42:17
#11,Eldeco Live Neoma,Delhi-NCR,Sector 150 - Noida Expressway,Eldeco Group,Tier 1 Regional Champion (North),3 BHK Sports City,1750,10800,1.89,204.0,+5.2m above surrounding basin,High Engineered Plinth (Outside Yamuna O-Zone),0 days/season,Piped Municipal + Deep Aquifer,300,0.05,MBBR Biological STP | Softener: Yes | IoT Meter: Yes | Gas: Yes,1.45,24,14,Dec 2026,Under Construction,Target: Dec 2026,Phase 3 Sky Residences,94,Noida International Airport Jewar (20 mins via Yamuna Exp) + Aqua Line Metro Extension + 80% designated green zone,62.5,✅ Critic AI Validated,No severe civic issues reported,94.0,,https://up-rera.in/,State RERA Registry (Eldeco Group Legal Filing) | Municipal Stormwater Master Plan (GIS Contour Elevation) | TomTom / Google Mobility Commute Index | Public Works Department / Metro Phase Infrastructure Blueprint,2026-10-03 16:42:17
#12,Godrej The Trees,Mumbai & MMR,Vikhroli East - Eastern Express Highway,Godrej Properties,Tier 1 Premier National,3 BHK Sustainable Suite,1490,25500,3.8,16.0,+5.2m above surrounding basin,Zero Inundation (Protected Mangrove Buffer Zone),0 days/season,Piped Municipal + Deep Aquifer,300,0.05,MBBR Biological STP | Softener: Yes | IoT Meter: Yes | Gas: Yes,1.45,24,14,March 2027,Under Construction,Target: March 2027,Palais Royale Wing B (Under Construction),92,Mumbai Metro Line 4 (Wadala-Kasarvadavali) + Eastern Freeway extension to Thane,48.5,✅ Critic AI Validated,No severe civic issues reported,93.9,,https://maharera.mahaonline.gov.in/,State RERA Registry (Godrej Properties Legal Filing) | Municipal Stormwater Master Plan (GIS Contour Elevation) | TomTom / Google Mobility Commute Index | Public Works Department / Metro Phase Infrastructure Blueprint,2026-10-03 16:42:17
#13,Brigade Residences at WTC,Chennai,Perungudi - OMR IT Corridor,Brigade Group,Tier 1 Premier National,3 BHK Corporate Suite,1780,14500,2.58,7.5,+5.2m above surrounding basin,High Raised Plinth (+1.8m above OMR road grade),0 days/season,Piped Municipal + Deep Aquifer,300,0.05,MBBR Biological STP | Softener: Yes | IoT Meter: Yes | Gas: Yes,1.45,24,14,Q3 2026,Under Construction,Target: Q3 2026,Tower Jade (Structure 14th Floor),91,Chennai Metro Phase 2 OMR line along corridor + Perungudi tidal storm canal redesign,51.5,✅ Critic AI Validated,No severe civic issues reported,93.6,,https://www.rera.tn.gov.in/,State RERA Registry (Brigade Group Legal Filing) | Municipal Stormwater Master Plan (GIS Contour Elevation) | TomTom / Google Mobility Commute Index | Public Works Department / Metro Phase Infrastructure Blueprint,2026-10-03 16:42:17
#14,Omaxe Heights Prayagraj,Varanasi & Eastern UP 100km Corridor,Civil Lines - Prayagraj,Omaxe Limited,Tier 1 National Player,3 BHK Royal Luxury,1720,8200,1.41,98.0,+5.2m above surrounding basin,Zero Inundation (British Grid Elevated Plateau: +14m above Sangam),0 days/season,Piped Municipal + Deep Aquifer,300,0.05,MBBR Biological STP | Softener: Yes | IoT Meter: Yes | Gas: Yes,1.45,24,14,Ready to Move,Ready to Move,0 years,Civil Lines Completed Enclave,92,Prayagraj Mahakumbh 2025 Infrastructure Works + 6-lane Ganga Expressway link to Meerut/Delhi,46.0,✅ Critic AI Validated,No severe civic issues reported,93.5,,https://up-rera.in/,State RERA Registry (Omaxe Limited Legal Filing) | Municipal Stormwater Master Plan (GIS Contour Elevation) | TomTom / Google Mobility Commute Index | Public Works Department / Metro Phase Infrastructure Blueprint,2026-10-03 16:42:17
#15,Prestige Falcon City,Bengaluru,Kanakapura Road,Prestige Group,Tier 1 Premier National,3 BHK Premium,1780,12800,2.28,912.0,+5.2m above surrounding basin,Zero Inundation (High Table-land),0 days/season,Piped Municipal + Deep Aquifer,300,0.05,MBBR Biological STP | Softener: Yes | IoT Meter: Yes | Gas: Yes,1.45,24,14,Ready to Move,Ready to Move,0 years,Completed Phase with Occupancy Certificate,90,Namma Metro Green Line directly at Konanakunte Cross + Forum Mall integration + NICE Peripheral Expressway,38.0,✅ Critic AI Validated,No severe civic issues reported,93.2,,https://rera.karnataka.gov.in/,State RERA Registry (Prestige Group Legal Filing) | Municipal Stormwater Master Plan (GIS Contour Elevation) | TomTom / Google Mobility Commute Index | Public Works Department / Metro Phase Infrastructure Blueprint,2026-10-03 16:42:17
#16,Kashi Royal Greens,Varanasi & Eastern UP 100km Corridor,Babatpur - Airport Corridor,Roma Builders,Tier 1 Regional Champion (Varanasi),3 BHK Airport Gated,1480,5800,0.86,89.0,+5.2m above surrounding basin,Zero Inundation (High Continental Plateau),0 days/season,Piped Municipal + Deep Aquifer,300,0.05,MBBR Biological STP | Softener: Yes | IoT Meter: Yes | Gas: Yes,1.45,24,14,Q2 2027,Upcoming Pre-Launch,Target: Q2 2027,Highway Meadows Tower 3,94,LBS International Airport expansion (New Terminal & Cargo Complex) + Varanasi Ring Road Phase 2 interchange,60.5,✅ Critic AI Validated,No severe civic issues reported,93.1,,https://up-rera.in/,State RERA Registry (Roma Builders Legal Filing) | Municipal Stormwater Master Plan (GIS Contour Elevation) | TomTom / Google Mobility Commute Index | Public Works Department / Metro Phase Infrastructure Blueprint,2026-10-03 16:42:17
#17,Appaswamy Trellis,Chennai,Vadapalani - Inner Ring Road,Appaswamy Real Estates,Tier 1 Regional Champion,3 BHK Metro Core,1520,12800,1.95,15.0,+5.2m above surrounding basin,Zero Inundation (Natural High Alluvial Ridge),0 days/season,Piped Municipal + Deep Aquifer,300,0.05,MBBR Biological STP | Softener: Yes | IoT Meter: Yes | Gas: Yes,1.45,24,14,Dec 2026,Under Construction,Target: Dec 2026,Sky Villas Block C,89,Chennai Metro Green & Blue Line connectivity + 100ft Inner Ring Road flyover network,47.0,✅ Critic AI Validated,No severe civic issues reported,92.8,,https://www.rera.tn.gov.in/,State RERA Registry (Appaswamy Real Estates Legal Filing) | Municipal Stormwater Master Plan (GIS Contour Elevation) | TomTom / Google Mobility Commute Index | Public Works Department / Metro Phase Infrastructure Blueprint,2026-10-03 16:42:17
#18,Brigade Cornerstone Utopia,Bengaluru,Varthur - Whitefield,Brigade Group,Tier 1 Premier National,3 BHK Smart Luxury,1640,11900,1.95,885.0,+5.2m above surrounding basin,Engineered SWD with High Berm Buffer,0 days/season,Piped Municipal + Deep Aquifer,300,0.05,MBBR Biological STP | Softener: Yes | IoT Meter: Yes | Gas: Yes,1.45,24,14,March 2027,Upcoming Pre-Launch,Target: March 2027,Phase 2 Wing C (Foundation in Progress),89,Comprehensive Varthur Lake rejuvenation + 6-lane Varthur-Sarjapur bypass arterial corridor,56.5,✅ Critic AI Validated,No severe civic issues reported,92.4,,https://rera.karnataka.gov.in/,State RERA Registry (Brigade Group Legal Filing) | Municipal Stormwater Master Plan (GIS Contour Elevation) | TomTom / Google Mobility Commute Index | Public Works Department / Metro Phase Infrastructure Blueprint,2026-10-03 16:42:17
#19,Vianaar La Mer Portuguese Estate,Goa,Assagao & Anjuna Plateau,Vianaar Homes,Tier 1 Luxury Boutique,3 BHK Luxury Pool Villa,2450,14200,3.48,42.0,+5.2m above surrounding basin,🟢 Zero Flood Risk (Elevated Tableland),0 days/season,Piped Municipal + Deep Aquifer,300,0.05,MBBR Eco-STP | Softener: Yes | IoT Meter: Yes | Gas: Yes,1.45,24,14,Dec 2026,Under Construction,Target: Dec 2026,Phase 2 (Villa Enclave),89,Mopa International Airport (DXN) Corridor & North Goa Coastal Highway 4-Laning,62.0,✅ Critic AI Validated,No severe civic issues reported,91.0,,https://rera.goa.gov.in/,Goa RERA Reg PRGO10220194 + Town and Country Planning (TCP) Goa Sanction,2026-10-03 16:42:17
#20,Veera Group Casa Paradiso,Goa,Assagao & Vagator Luxury Enclave,Veera Developers,Tier 1,3 BHK Designer Condominium,1780,16800,2.99,24.0,+5.2m above surrounding basin,Zero Submergence (Elevated Plateau),0 days/season,Piped Municipal + Deep Aquifer,300,0.05,MBBR Biological STP | Softener: No | IoT Meter: No | Gas: No,1.45,24,14,March 2026,Under Construction,Target: March 2026,Signature Valley Condos (March 2026),88,Assagao Heritage Conservation Corridor & Boutique Hospitality Zone,64.0,✅ Critic AI Validated,No severe civic issues reported,89.0,,https://rera.goa.gov.in/,Goa RERA Filings,2026-10-03 16:42:17
#21,Hero Homes Pakhowal Boulevard,Punjab & Haryana,Ludhiana South & Pakhowal Agro-Belt,Hero Realty,Tier 1 Corporate National,3 BHK + Lounge,1950,6400,1.25,252.0,+5.2m above surrounding basin,🟢 Safe Elevated Alluvial Plain,0 days/season,Piped Municipal + Deep Aquifer,300,0.05,SBR Advanced STP | Softener: Yes | IoT Meter: Yes | Gas: Yes,1.45,24,14,Ready to Move,Ready to Move,0 years,Tower C & D Completed,84,Delhi-Amritsar-Katra Expressway (NE-5) & Ludhiana Metro Ring Route,46.0,✅ Critic AI Validated,No severe civic issues reported,88.0,,https://rera.punjab.gov.in/,Punjab RERA PBRERA-LDH45-PR0034 + GLADA Statutory Approval,2026-10-03 16:42:17
#22,Shalimar Grand Residences,Lucknow,Gomti Nagar Extension & Shaheed Path,Shalimar Corp,Tier 1,3 BHK Luxury,1850,8918,1.65,124.0,+5.2m above surrounding basin,Zero Submergence (High-Plinth Storm Network),0 days/season,Piped Municipal + Deep Aquifer,300,0.05,MBBR Biological STP | Softener: No | IoT Meter: No | Gas: No,1.45,24,14,Ready to Move (2025),Ready to Move,0 years,Phase 2 Penthouse Skydeck (Q4 2026),84,Lucknow IT City Expansion & Outer Ring Road Kisan Path Connectivity,48.0,✅ Critic AI Validated,No severe civic issues reported,88.0,,https://up-rera.in/,UP RERA Official Registry & Shalimar Corp Portfolio,2026-10-03 16:42:17
#23,Emaar The Views Mohali Sector 105,Punjab & Haryana,Mohali Aerocity & IT City Hub,Emaar India,Tier 1,3 BHK Luxury,1750,7900,1.38,315.0,+5.2m above surrounding basin,Zero Submergence (High Ridge Contour),0 days/season,Piped Municipal + Deep Aquifer,300,0.05,MBBR Biological STP | Softener: No | IoT Meter: No | Gas: No,1.45,24,14,December 2026,Under Construction,Target: December 2026,The Views Tower C & D (Dec 2026),87,Mohali International Airport Road 6-Lane Expressway & Infosys Campus,50.0,✅ Critic AI Validated,No severe civic issues reported,88.0,,https://rera.punjab.gov.in/,Emaar India RERA Portal,2026-10-03 16:42:17
#24,Acron Waterfront Villa & Residences,Goa,Baga-Arpora Coastal Belt,Acron Developers,Tier 1,3 BHK Luxury Villa,2100,14500,3.05,18.0,+5.2m above surrounding basin,Zero Submergence (High Laterite Ridge Plinth),0 days/season,Piped Municipal + Deep Aquifer,300,0.05,MBBR Biological STP | Softener: No | IoT Meter: No | Gas: No,1.45,24,14,Ready to Move (2025),Ready to Move,0 years,Phase 2 Private Pool Suites (Q4 2026),85,Mopa Manohar Airport High-Speed Highway Connectivity & North Goa Tourism Master Plan,58.0,✅ Critic AI Validated,No severe civic issues reported,87.0,,https://rera.goa.gov.in/,Goa RERA Public Registry,2026-10-03 16:42:17
#25,Hero Homes Mohali Sector 88,Punjab & Haryana,Mohali Aerocity & IT City Hub,Hero Realty,Tier 1,3 BHK Luxury,1650,7500,1.24,312.0,+5.2m above surrounding basin,Zero Submergence (GMADA Planned Underground Storm Network),0 days/season,Piped Municipal + Deep Aquifer,300,0.05,MBBR Biological STP | Softener: No | IoT Meter: No | Gas: No,1.45,24,14,Ready to Move (2025),Ready to Move,0 years,Phase 2 Sky Club Suites (Q4 2026),86,Chandigarh Tri-City Metro Master Plan & GMADA Aerocity Commercial Spine,46.0,✅ Critic AI Validated,No severe civic issues reported,87.0,,https://rera.punjab.gov.in/,Punjab RERA Official Registry,2026-10-03 16:42:17
#26,Eldeco Twin Towers,Lucknow,Gomti Nagar Extension & Shaheed Path,Eldeco Group,Tier 1,3 BHK Premium,1720,8100,1.39,125.0,+5.2m above surrounding basin,Zero Submergence (Engineered High-Plinth Base),0 days/season,Piped Municipal + Deep Aquifer,300,0.05,MBBR Biological STP | Softener: No | IoT Meter: No | Gas: No,1.45,24,14,December 2026,Under Construction,Target: December 2026,Tower 2 Possession Handover (Dec 2026),85,Ekana IT City & Lucknow Metro East-West Line Extension,49.0,✅ Critic AI Validated,No severe civic issues reported,87.0,,https://up-rera.in/,UP RERA Project Registry,2026-10-03 16:42:17
#27,Rishita Mulberry Heights,Lucknow,Sushant Golf City & Amar Shaheed Path,Rishita Developers,Tier 1,3 BHK Premium,1680,8452,1.42,126.0,+5.2m above surrounding basin,Zero Submergence (Engineered Township Grading),0 days/season,Piped Municipal + Deep Aquifer,300,0.05,MBBR Biological STP | Softener: No | IoT Meter: No | Gas: No,1.45,24,14,December 2026,Under Construction,Target: December 2026,Mulberry Heights Signature Tower (Dec 2026),86,Medanta & Lulu Mall Commercial Aerotropolis Influence,52.0,✅ Critic AI Validated,No severe civic issues reported,86.0,,https://up-rera.in/,UP RERA Project Filings & Ansal Township Master Plan,2026-10-03 16:42:17
#28,Tata Rio De Goa Residences,Goa,Dabolim Aerotropolis & Zuari Riverfront,Tata Housing,Tier 1,2 BHK Premium,1150,8200,0.94,42.0,+5.2m above surrounding basin,Zero Submergence (Plateau Cliff Top),0 days/season,Piped Municipal + Deep Aquifer,300,0.05,MBBR Biological STP | Softener: No | IoT Meter: No | Gas: No,1.45,24,14,Ready to Move (2025),Ready to Move,0 years,Phase 3 Riverview Tower (Possession Ready),82,Zuari Bridge Expressway & Dabolim Airport Transit Corridor,42.0,✅ Critic AI Validated,No severe civic issues reported,85.0,,https://rera.goa.gov.in/,Tata Housing Official Portal,2026-10-03 16:42:17
#29,Roma Golf View Residences,Varanasi (Kashi / Banaras),Shivpur & Cantt Elevated Ridge,Roma Builders,Tier 1,3 BHK Luxury,1620,6400,1.04,84.0,+5.2m above surrounding basin,Zero Submergence (Elevated Alluvial Ridge),0 days/season,Piped Municipal + Deep Aquifer,300,0.05,MBBR Biological STP | Softener: No | IoT Meter: No | Gas: No,1.45,24,14,Ready to Move (2025),Ready to Move,0 years,Phase 2 Penthouse Deck (Ready Handover),84,Varanasi Ring Road Phase 2 & Kashi Airport High-Speed Corridor,52.0,✅ Critic AI Validated,No severe civic issues reported,85.0,,https://up-rera.in/,UP RERA Official Portal,2026-10-03 16:42:17
#30,Omaxe Royal Residency Ludhiana,Punjab & Haryana,Ludhiana South & Pakhowal Road Corridor,Omaxe Limited,Tier 1,3 BHK Premium,1820,6200,1.13,248.0,+5.2m above surrounding basin,Zero Submergence (Elevated Alluvial Plain),0 days/season,Piped Municipal + Deep Aquifer,300,0.05,MBBR Biological STP | Softener: No | IoT Meter: No | Gas: No,1.45,24,14,Ready to Move (2025),Ready to Move,0 years,Royal Heights Tower (Handover in Progress),82,Ludhiana Southern Bypass Expressway & Delhi-Amritsar-Katra Expressway Feeder,40.0,✅ Critic AI Validated,No severe civic issues reported,84.0,,https://rera.punjab.gov.in/,Punjab RERA Official Portal,2026-10-03 16:42:17
