Rank_National,Property_Name,City_Corridor,Micro_Market,Builder,Unit_Configuration,Monthly_Rent_INR,Monthly_Maintenance_INR,Security_Deposit_Months,Capital_Valuation_Cr,Net_Rental_Yield_Pct,Water_Supply_Reliability,Tanker_Reliance_Score,Walking_Transit_Dist_m,Tech_Park_Dist_km,School_Dist_km,Monsoon_Access_Disruption_Days,Critic_AI_Tenant_Verdict,Rental_Suitability_Score,Google_Maps_Navigation,Last_Audit_Timestamp
#1,Sobha Iris,Bengaluru,Outer Ring Road - Devarabisanahalli,Sobha Limited,3 BHK Luxury Furnished,82000,5000,3,1.5,4.2,24x7 Municipal Piped,0.05 / 10,400,2.5,1.8,0 days/season,✅ Verified Tenant Viability,95.2,,2026-10-03 13:08:43
#2,Aparna Serene Park,Hyderabad,Gachibowli - Kondapur,Aparna Constructions,3 BHK Gated High-Rise,62000,5000,3,1.5,4.2,24x7 Municipal Piped,0.05 / 10,400,2.5,1.8,0 days/season,✅ Verified Tenant Viability,95.0,,2026-10-03 13:08:43
#3,L&T Emerald Isle,Mumbai & MMR,Powai - JVLR,L&T Realty,2 BHK Luxury Condo,78000,5000,3,1.5,4.2,24x7 Municipal Piped,0.05 / 10,400,2.5,1.8,0 days/season,✅ Verified Tenant Viability,94.8,,2026-10-03 13:08:43
#4,Prestige Ivy Terraces,Bengaluru,Kadubeesanahalli - Bellandur East,Prestige Group,3 BHK Premium Semi-Furnished,76000,5000,3,1.5,4.2,24x7 Municipal Piped,0.05 / 10,400,2.5,1.8,0 days/season,✅ Verified Tenant Viability,94.6,,2026-10-03 13:08:43
#5,My Home Avatar,Hyderabad,Puppalaguda - Financial District,My Home Group,3 BHK Master Township,64000,5000,3,1.5,4.2,24x7 Municipal Piped,0.05 / 10,400,2.5,1.8,0 days/season,✅ Verified Tenant Viability,94.4,,2026-10-03 13:08:43
#6,Godrej Woods,Delhi-NCR,Sector 43 - Central Noida,Godrej Properties,3 BHK Forest Theme,72000,5000,3,1.5,4.2,24x7 Municipal Piped,0.05 / 10,400,2.5,1.8,0 days/season,✅ Verified Tenant Viability,94.2,,2026-10-03 13:08:43
#7,Rajapushpa Provincia,Hyderabad,Narsingi - Financial District,Rajapushpa Properties,3 BHK Ultra-Luxury,68000,5000,3,1.5,4.2,24x7 Municipal Piped,0.05 / 10,400,2.5,1.8,0 days/season,✅ Verified Tenant Viability,94.1,,2026-10-03 13:08:43
#8,Appaswamy Altezza,Chennai,OMR - Kottivakkam,Appaswamy Real Estates,3 BHK Sea Breeze,65000,5000,3,1.5,4.2,24x7 Municipal Piped,0.05 / 10,400,2.5,1.8,0 days/season,✅ Verified Tenant Viability,94.0,,2026-10-03 13:08:43
#9,Assetz Marq 3.0,Bengaluru,Whitefield - Kannamangala,Assetz Property Group,3 BHK High-Rise Condo,65000,5000,3,1.5,4.2,24x7 Municipal Piped,0.05 / 10,400,2.5,1.8,0 days/season,✅ Verified Tenant Viability,93.8,,2026-10-03 13:08:43
#10,Tata Primanti,Delhi-NCR,Southern Peripheral Road - Sec 72 Gurugram,Tata Housing,3 BHK Luxury Executive,78000,5000,3,1.5,4.2,24x7 Municipal Piped,0.05 / 10,400,2.5,1.8,0 days/season,✅ Verified Tenant Viability,93.6,,2026-10-03 13:08:43
#11,Hiranandani Estate Rodas Enclave,Mumbai & MMR,Ghopbunder Road - Thane,Hiranandani Group,3 BHK Signature,62000,5000,3,1.5,4.2,24x7 Municipal Piped,0.05 / 10,400,2.5,1.8,0 days/season,✅ Verified Tenant Viability,93.2,,2026-10-03 13:08:43
#12,TVS Emerald Peninsula,Chennai,Manapakkam - Porur,TVS Emerald,3 BHK Corner Unit,50000,5000,3,1.5,4.2,24x7 Municipal Piped,0.05 / 10,400,2.5,1.8,0 days/season,✅ Verified Tenant Viability,93.1,,2026-10-03 13:08:43
#13,Mahagun Moderne,Delhi-NCR,Sector 78 - Central Noida,Mahagun Group,3 BHK Premium Gated,48000,5000,3,1.5,4.2,24x7 Municipal Piped,0.05 / 10,400,2.5,1.8,0 days/season,✅ Verified Tenant Viability,93.0,,2026-10-03 13:08:43
#14,Eldeco Anandam Residency,Varanasi & Eastern UP 100km Corridor,Civil Lines - Prayagraj,Eldeco Group,3 BHK Executive,34000,5000,3,1.5,4.2,24x7 Municipal Piped,0.05 / 10,400,2.5,1.8,0 days/season,✅ Verified Tenant Viability,93.0,,2026-10-03 13:08:43
#15,Assagao Heritage Portuguese Pool Villa,Goa,Assagao & Anjuna Plateau,Vianaar Homes,3 BHK Fully Furnished Luxury Villa,165000,5000,3,1.5,4.2,24x7 Municipal Piped,0.05 / 10,400,8.5,7.2,0 days/season,✅ Verified Tenant Viability,93.0,,2026-10-03 13:08:43
#16,Olympia Opaline,Chennai,Navalur - Siruseri SIPCOT,Olympia Group,3 BHK Lakeview,40000,5000,3,1.5,4.2,24x7 Municipal Piped,0.05 / 10,400,2.5,1.8,0 days/season,✅ Verified Tenant Viability,92.6,,2026-10-03 13:08:43
#17,Rustomjee Urbania,Mumbai & MMR,Majiwada - Thane West,Rustomjee,2 BHK Township Unit,42000,5000,3,1.5,4.2,24x7 Municipal Piped,0.05 / 10,400,2.5,1.8,0 days/season,✅ Verified Tenant Viability,92.5,,2026-10-03 13:08:43
#18,Kashi Smart City Towers,Varanasi & Eastern UP 100km Corridor,Shivpur - Cantt Varanasi,Kashi Infra Developers,3 BHK Premium Gated,28000,5000,3,1.5,4.2,24x7 Municipal Piped,0.05 / 10,400,2.5,1.8,0 days/season,✅ Verified Tenant Viability,92.4,,2026-10-03 13:08:43
#19,Sangam Vihar Residency,Varanasi & Eastern UP 100km Corridor,Jhalwa - IT Park Prayagraj,Omaxe Limited,3 BHK Academic Suite,25000,5000,3,1.5,4.2,24x7 Municipal Piped,0.05 / 10,400,2.5,1.8,0 days/season,✅ Verified Tenant Viability,92.0,,2026-10-03 13:08:43
#20,Villa Sol Assagao Heritage Luxury Duplex,Goa,Assagao & Vagator Luxury Enclave,Independent Private Landlord,3 BHK Fully Furnished Luxury Villa,110000,5000,3,1.5,4.2,24x7 Municipal Piped,0.05 / 10,400,2.5,1.8,0 days/season,✅ Verified Tenant Viability,88.0,,2026-10-03 13:08:43
#21,Omaxe Royal Residency Executive Suite,Punjab & Haryana,Ludhiana South & Pakhowal Agro-Belt,Omaxe Limited,3 BHK Semi-Furnished,38000,5000,3,1.5,4.2,24x7 Municipal Piped,0.05 / 10,400,4.2,2.1,0 days/season,✅ Verified Tenant Viability,87.0,,2026-10-03 13:08:43
#22,Shalimar OneWorld Belvedere Suite,Lucknow,Gomti Nagar Extension & Shaheed Path,Shalimar Corp,3 BHK Semi-Furnished,42000,5000,3,1.5,4.2,24x7 Municipal Piped,0.05 / 10,400,2.5,1.8,0 days/season,✅ Verified Tenant Viability,87.0,,2026-10-03 13:08:43
#23,Hero Homes Executive 3BHK Suite Mohali,Punjab & Haryana,Mohali Aerocity & IT City Hub,Hero Realty,3 BHK Semi-Furnished,36000,5000,3,1.5,4.2,24x7 Municipal Piped,0.05 / 10,400,2.5,1.8,0 days/season,✅ Verified Tenant Viability,86.0,,2026-10-03 13:08:43
#24,Rishita Mulberry Heights 3BHK Golf-Facing,Lucknow,Sushant Golf City & Amar Shaheed Path,Rishita Developers,3 BHK Fully Furnished,32000,5000,3,1.5,4.2,24x7 Municipal Piped,0.05 / 10,400,2.5,1.8,0 days/season,✅ Verified Tenant Viability,85.0,,2026-10-03 13:08:43
#25,Shivpur Highway Residency 3BHK Suite,Varanasi (Kashi / Banaras),Shivpur & Cantt Elevated Ridge,Mahaveer Developers,3 BHK Semi-Furnished,28000,5000,3,1.5,4.2,24x7 Municipal Piped,0.05 / 10,400,2.5,1.8,0 days/season,✅ Verified Tenant Viability,84.0,,2026-10-03 13:08:43
