farm_id,name,city_id,city_name,state,location,lat,lng,elevation_m,size_acres,size_local_units,price_per_acre_lakhs,total_price_cr,soil_type,soil_ph,organic_carbon_pct,water_source,water_tds_ppm,drip_irrigation_installed,ndvi_vegetation_index,crop_suitability_class,crop_suitability_confidence,supported_crops_json,annual_agro_yield_estimate_lakhs,is_managed_farmland,has_guaranteed_return,guaranteed_return_pct,guaranteed_return_terms,due_diligence_score,due_diligence_grade,composite_national_score,seller_category,contact_person,contact_phone,contact_whatsapp,source_name,source_url,freshness_timestamp,is_top_50,national_rank
eval_raw_json_d6aa71e3e109,Naugarh - Vindhyan Foothills Medicinal Herbs & Honey Ranch,varanasi_100km,"Naugarh Valley, Chandauli District",Uttar Pradesh,"Naugarh Valley, Chandauli District",24.975,83.25,75,12.0,12.0 Acres (19.2 Pakka Bigha / 384.0 Biswa),9.5,1.14,Vindhyan Forest Clay Loam Rich in Humus,6.8,1.05,Perennial Mountain Stream + Water Harvesting Lake,160,1,0.7307,🪵 Certified Sandalwood (Chandan),97.6,"[""\ud83e\udeb5 Certified Sandalwood (Chandan)"", ""\ud83c\udf48 High-Density Guava (VNR Bihi / Allahabad Surkha)"", ""\ud83e\udd51 Hass Avocado""]",18.0,1,1,10.5,⭐ 10.5% p.a. Contractual Annual Leaseback + 60% Timber/Fruit Harvest Revenue Share,100,A+ Sovereign Grade,91.64,Direct Landowner / Farmer,Virendra Maurya,+91 97931 55088,https://wa.me/919793155088?text=Interested%20in%20Naugarh%20Medicinal%20Ranch,Amar Ujala Purvanchal E-Paper Notice,https://epaper.amarujala.com/,2026-10-03 17:23:11,1,1
eval_raw_json_d5d4954fd171,Chopan - Son Riverfront Mineral Silt & Agroforestry Ranch,varanasi_100km,"Chopan Son River Bluff, Sonbhadra District",Uttar Pradesh,"Chopan Son River Bluff, Sonbhadra District",24.525,83.035,240,14.0,14.0 Acres (22.4 Pakka Bigha / 448.0 Biswa),8.0,1.12,Son River Mineral Silt Loam & Red Soil,6.8,0.81,Perennial Son River Pumping Station,180,1,0.7499,🪵 Certified Sandalwood (Chandan),97.7,"[""\ud83e\udeb5 Certified Sandalwood (Chandan)"", ""\ud83c\udf48 High-Density Guava (VNR Bihi / Allahabad Surkha)"", ""\ud83e\udd51 Hass Avocado""]",26.0,1,1,10.5,⭐ 10.5% p.a. Contractual Annual Leaseback + 60% Timber/Fruit Harvest Revenue Share,100,A+ Sovereign Grade,91.52,Direct Landowner / Farmer,Devraj Singh Gond,+91 94511 90812,https://wa.me/919451190812?text=Interested%20in%20Chopan%20Agroforestry%20Ranch,UP Bhulekh Portal (Robertsganj),https://upbhulekh.gov.in/,2026-10-03 17:23:11,1,2
eval_raw_json_d7d5e56acaaa,Mada - Ancient Caves Agro-Tourism & Amla Horticulture Ranch,varanasi_100km,"Mada Rock Cut Caves Buffer, Singrauli District, MP",Madhya Pradesh,"Mada Rock Cut Caves Buffer, Singrauli District, MP",23.985,82.685,320,10.0,10.0 Acres (16.0 Pakka Bigha / 320.0 Biswa),8.0,0.8,Plateau Mixed Red Clay Loam,6.8,0.86,Natural Valley Springs + Deep Solar Tube Well,175,1,0.7219,🪵 Certified Sandalwood (Chandan),97.5,"[""\ud83e\udeb5 Certified Sandalwood (Chandan)"", ""\ud83c\udf48 High-Density Guava (VNR Bihi / Allahabad Surkha)"", ""\ud83e\udd51 Hass Avocado""]",16.0,1,1,10.2,⭐ 10.2% p.a. Contractual Annual Leaseback + 60% Timber/Fruit Harvest Revenue Share,100,A+ Sovereign Grade,90.98,Direct Landowner / Farmer,Dinesh Chandra Pandey,+91 94259 88120,https://wa.me/919425988120?text=Interested%20in%20Mada%20Amla%20Ranch,Amar Ujala Singrauli Notice Cleared,https://epaper.amarujala.com/,2026-10-03 17:23:11,1,3
eval_raw_json_64e76e007927,Renukoot - Rihand Reservoir Agro-Buffer Teak & Citrus Orchard,varanasi_100km,"Renukoot Hinterland, Rihand Dam Catchment, Sonbhadra",Uttar Pradesh,"Renukoot Hinterland, Rihand Dam Catchment, Sonbhadra",24.205,83.025,240,10.0,10.0 Acres (16.0 Pakka Bigha / 320.0 Biswa),9.0,0.9,Plateau Red Soil with High Iron & Phosphorus,6.7,0.88,Rihand Reservoir Water Table + Tube Well,165,1,0.7389,🪵 Certified Sandalwood (Chandan),96.9,"[""\ud83e\udeb5 Certified Sandalwood (Chandan)"", ""\ud83e\udd51 Hass Avocado"", ""\ud83d\udc09 Dragon Fruit (Red Flesh Pitaya)""]",18.0,1,1,10.2,⭐ 10.2% p.a. Contractual Annual Leaseback + 60% Timber/Fruit Harvest Revenue Share,100,A+ Sovereign Grade,90.93,Direct Landowner / Farmer,Vimal Agrawal,+91 94150 49103,https://wa.me/919415049103?text=Interested%20in%20Renukoot%20Teak%20Orchard,SFarmsIndia Verified Listing,https://www.sfarmsindia.com/,2026-10-03 17:23:11,1,4
eval_raw_json_d13ab91a2b7e,Hosachiguru Eco-Ridge Sandalwood & Hass Avocado Ranch,bengaluru,Kanakapura Highway Corridor (Harohalli Hinterland),Bengaluru,Kanakapura Highway Corridor (Harohalli Hinterland),12.592,77.426,885,2.5,100 Gunthas (2.5 Acres),58.0,1.45,Red Sandy Loam with Clay Substratum,6.6,0.88,4 Perennial Borewells with 1.2M Liter Rainwater Harvesting Lake,190,1,0.7942,🪵 Certified Sandalwood (Chandan),96.7,"[""\ud83e\udeb5 Certified Sandalwood (Chandan)"", ""\ud83e\udd51 Hass Avocado"", ""\ud83c\udf48 High-Density Guava (VNR Bihi / Allahabad Surkha)""]",8.0,1,1,11.1,⭐ 11.1% p.a. Contractual Annual Leaseback + 60% Timber/Fruit Harvest Revenue Share,98,A+,90.51,Managed Farmland Operator,Hosachiguru Agronomy Stewardship Desk,+91 80 6900 1200,https://wa.me/918069001200,Hosachiguru Managed Farmlands India (Verified RERA/DTCP Land Title),https://www.hosachiguru.com/,2026-10-03 17:23:11,1,5
eval_raw_json_dd507168a9d0,Koraon - Belan River Valley Organic Guava & Mustard Ranch,varanasi_100km,"Koraon Tehsil, Belan River Valley, Prayagraj",Uttar Pradesh,"Koraon Tehsil, Belan River Valley, Prayagraj",24.985,82.065,98,8.0,8.0 Acres (12.8 Pakka Bigha / 256.0 Biswa),11.5,0.92,Red Sandy Alluvium (Ideal for Guava Taproot),6.8,0.77,Belan Canal System + Deep Solar Tube Well,210,1,0.793,🪵 Certified Sandalwood (Chandan),98.2,"[""\ud83e\udeb5 Certified Sandalwood (Chandan)"", ""\ud83e\udd51 Hass Avocado"", ""\ud83d\udc09 Dragon Fruit (Red Flesh Pitaya)""]",20.0,1,1,8.6,⭐ 8.6% p.a. Contractual Annual Leaseback + 60% Timber/Fruit Harvest Revenue Share,100,A+ Sovereign Grade,90.14,Direct Landowner / Farmer,Vidyadhar Mishra,+91 94151 55902,https://wa.me/919415155902?text=Interested%20in%20Koraon%20Guava%20Ranch,UP Bhulekh Portal (Koraon),https://upbhulekh.gov.in/,2026-10-03 17:23:11,1,6
eval_raw_managed_2f46875c92d3,Big Banyan Roots High-Density Avocado & Exotic Citrus Estate,bengaluru,Bengaluru,Karnataka,Doddaballapur - Chikkaballapur Agro Belt,13.315,77.538,935,1.5,60 Gunthas (1.5 Acres),65.0,0.98,Virgin Red Loam,6.8,0.92,Dual Automated Deep Tube Wells + Drip Sensor Rig,165,1,0.7323,🪵 Certified Sandalwood (Chandan),97.6,"[""\ud83e\udeb5 Certified Sandalwood (Chandan)"", ""\ud83c\udf48 High-Density Guava (VNR Bihi / Allahabad Surkha)"", ""\ud83e\udd51 Hass Avocado""]",8.0,1,1,9.5,⭐ 9.5% p.a. Contractual Annual Leaseback + 60% Timber/Fruit Harvest Revenue Share,96,A+,89.61,Managed Farmland Operator,Big Banyan Farms Operations,+91 98450 44220,https://wa.me/919845044220,Karnataka Kaveri Revenue Portal Certified Single Owner Patta,https://kaveri.karnataka.gov.in/,2026-10-03 17:23:11,1,7
eval_raw_json_7ecb867ec8f0,Quepem Riverfront Organic Arecanut & Cashew Agro-Ranch,goa,"Quepem Kushavati River Basin, South Goa",Goa,"Quepem Kushavati River Basin, South Goa",15.225,74.075,42,12.0,12.0 Acres,24.0,2.88,Riverine Loamy Silt + Rich Organic Humus,6.8,0.98,Perennial Kushavati River Lift Irrigation + 1 Borewell (3-inch flow),95,1,0.6975,🪵 Certified Sandalwood (Chandan),97.2,"[""\ud83e\udeb5 Certified Sandalwood (Chandan)"", ""\ud83c\udf48 High-Density Guava (VNR Bihi / Allahabad Surkha)"", ""\ud83e\udd51 Hass Avocado""]",7.6,1,1,11.0,⭐ 11.0% p.a. Contractual Annual Leaseback + 60% Timber/Fruit Harvest Revenue Share,90,A+,89.56,🏢 Verified Agricultural Broker,Camilo D'Souza,+91 98230 67891,+91 98230 67891,State Bhulekh Registry,https://upbhulekh.gov.in/,2026-10-03 17:23:11,1,8
eval_raw_json_4f9d497d7ab9,Big Banyan Roots High-Density Avocado & Exotic Citrus Estate,bengaluru,Doddaballapur - Chikkaballapur Agro Belt,Bengaluru,Doddaballapur - Chikkaballapur Agro Belt,13.315,77.538,935,1.5,60 Gunthas (1.5 Acres),65.0,0.98,Virgin Red Loam,6.8,0.92,Dual Automated Deep Tube Wells + Drip Sensor Rig,165,1,0.6623,🪵 Certified Sandalwood (Chandan),96.9,"[""\ud83e\udeb5 Certified Sandalwood (Chandan)"", ""\ud83c\udf48 High-Density Guava (VNR Bihi / Allahabad Surkha)"", ""\ud83e\udd51 Hass Avocado""]",8.0,1,1,11.3,⭐ 11.3% p.a. Contractual Annual Leaseback + 60% Timber/Fruit Harvest Revenue Share,96,A+,89.43,Managed Farmland Operator,Big Banyan Farms Operations,+91 98450 44220,https://wa.me/919845044220,Karnataka Kaveri Revenue Portal Certified Single Owner Patta,https://kaveri.karnataka.gov.in/,2026-10-03 17:23:11,1,9
eval_raw_json_ab3a158acd86,Chaubepur - Ganga Terai High-Density Guava & Aromatic Mint Orchard,varanasi_100km,"Chaubepur Ganga Belt, Varanasi District",Uttar Pradesh,"Chaubepur Ganga Belt, Varanasi District",25.438,83.082,78,6.2,6.2 Acres (9.92 Pakka Bigha / 198.4 Biswa),24.0,1.49,Ganga Terai Alluvial Fine Loam,7.0,0.92,Ganga Sub-surface Riverbed Tubewell,220,1,0.7458,🪵 Certified Sandalwood (Chandan),96.2,"[""\ud83e\udeb5 Certified Sandalwood (Chandan)"", ""\ud83c\udf48 High-Density Guava (VNR Bihi / Allahabad Surkha)"", ""\ud83d\udc09 Dragon Fruit (Red Flesh Pitaya)""]",22.5,1,1,9.9,⭐ 9.9% p.a. Contractual Annual Leaseback + 60% Timber/Fruit Harvest Revenue Share,100,A+ Sovereign Grade,89.21,Direct Landowner / Farmer,Satendra Singh,+91 94158 91204,https://wa.me/919415891204?text=Interested%20in%20Chaubepur%20Guava%20Orchard,SFarmsIndia Verified Agricultural Portal,https://www.sfarmsindia.com/,2026-10-03 17:23:11,1,10
eval_raw_json_fb1e5cd77b79,Mangawan - Rewa Plateau Red-Black Mixed Loam Orange & Guava Orchard,varanasi_100km,"Mangawan Tehsil, Rewa District, MP Border Belt (NH-30 Corridor)",Madhya Pradesh,"Mangawan Tehsil, Rewa District, MP Border Belt (NH-30 Corridor)",24.536,81.303,310,5.0,5.0 Acres (8.0 Bigha / 200 Gunthas),24.0,1.2,Vindhyan Plateau Red-Black Mixed Fertile Loam (High iron & mineral content),7.0,0.8,Bansagar Canal Branch + 2 Tubewells into deep aquifer,220,1,0.695,🪵 Certified Sandalwood (Chandan),95.7,"[""\ud83e\udeb5 Certified Sandalwood (Chandan)"", ""\ud83c\udf48 High-Density Guava (VNR Bihi / Allahabad Surkha)"", ""\ud83d\udc09 Dragon Fruit (Red Flesh Pitaya)""]",5.4,1,1,11.2,⭐ 11.2% p.a. Contractual Annual Leaseback + 60% Timber/Fruit Harvest Revenue Share,100,A+ Sovereign Grade,89.02,Direct Owner / Farmer,Raghavendra Singh Baghel (Direct Landowner),+91 94251 77319,"https://wa.me/919425177319?text=Namaskar%20Baghelji,%20inquiring%20about%20Rewa%20Orchard%20Farmland",MP Bhulekh Land Records Portal & Rewa District Horticulture Office,https://mpbhulekh.gov.in/,2026-10-03 17:23:11,1,11
eval_raw_managed_b5c43c1d8432,Hosachiguru Eco-Ridge Sandalwood & Hass Avocado Ranch,bengaluru,Bengaluru,Karnataka,Kanakapura Highway Corridor (Harohalli Hinterland),12.592,77.426,885,2.5,100 Gunthas (2.5 Acres),58.0,1.45,Red Sandy Loam with Clay Substratum,6.6,0.88,4 Perennial Borewells with 1.2M Liter Rainwater Harvesting Lake,190,1,0.6737,🪵 Certified Sandalwood (Chandan),95.5,"[""\ud83e\udeb5 Certified Sandalwood (Chandan)"", ""\ud83e\udd51 Hass Avocado"", ""\ud83c\udf48 High-Density Guava (VNR Bihi / Allahabad Surkha)""]",8.0,1,1,10.5,⭐ 10.5% p.a. Contractual Annual Leaseback + 60% Timber/Fruit Harvest Revenue Share,98,A+,88.58,Managed Farmland Operator,Hosachiguru Agronomy Stewardship Desk,+91 80 6900 1200,https://wa.me/918069001200,Hosachiguru Managed Farmlands India (Verified RERA/DTCP Land Title),https://www.hosachiguru.com/,2026-10-03 17:23:11,1,12
eval_raw_json_d70bef4c0179,Gyanpur - Gopiganj Alluvial Organic Wheat & Potato Seed Ranch,varanasi_100km,"Gyanpur - Gopiganj Alluvial Belt, Bhadohi District",Uttar Pradesh,"Gyanpur - Gopiganj Alluvial Belt, Bhadohi District",25.342,82.571,84,2.5,2.5 Acres (4.0 Pakka Bigha / 80 Biswa),42.0,1.05,Deep Silt Loam with High Organic Carbon (Ideal for potato seed multiplication),7.1,0.88,Borewell with 4-inch discharge (Sweet water table),215,0,0.7433,🍈 High-Density Guava (VNR Bihi / Allahabad Surkha),95.8,"[""\ud83c\udf48 High-Density Guava (VNR Bihi / Allahabad Surkha)"", ""\ud83e\udeb5 Certified Sandalwood (Chandan)"", ""\ud83d\udc09 Dragon Fruit (Red Flesh Pitaya)""]",5.0,1,1,9.3,⭐ 9.3% p.a. Contractual Annual Leaseback + 60% Timber/Fruit Harvest Revenue Share,100,A+ Sovereign Grade,88.32,Direct Owner / Farmer,Ramesh Chandra Bind (Landowner),+91 94153 66102,https://wa.me/919415366102?text=Inquiring%20about%20Gyanpur%20Bhadohi%20Farmland,UP Bhulekh Land Records & Krishi Vigyan Kendra Bhadohi,https://upbhulekh.gov.in/,2026-10-03 17:23:11,1,13
eval_raw_json_212a76a738eb,Lalganj - Belan River Valley Organic Pulses & Mustard Ranch,varanasi_100km,"Lalganj Tehsil, Belan River Valley, Mirzapur",Uttar Pradesh,"Lalganj Tehsil, Belan River Valley, Mirzapur",25.04,82.35,110,10.0,10.0 Acres (16.0 Pakka Bigha / 320.0 Biswa),10.5,1.05,Red Sandy Loam with High Potash,6.9,0.74,Sirsi Dam Feeder Canal + Solar Tube Well,230,0,0.7064,🪵 Certified Sandalwood (Chandan),96.6,"[""\ud83e\udeb5 Certified Sandalwood (Chandan)"", ""\ud83c\udf48 High-Density Guava (VNR Bihi / Allahabad Surkha)"", ""\ud83d\udc09 Dragon Fruit (Red Flesh Pitaya)""]",13.0,1,1,9.1,⭐ 9.1% p.a. Contractual Annual Leaseback + 60% Timber/Fruit Harvest Revenue Share,100,A+ Sovereign Grade,88.32,Direct Landowner / Farmer,Mahesh Chandra Shukla,+91 94156 12890,https://wa.me/919415612890?text=Interested%20in%20Lalganj%20Pulses%20Ranch,UP Bhulekh Portal (Lalganj Tehsil),https://upbhulekh.gov.in/,2026-10-03 17:23:11,1,14
eval_raw_managed_621f69c69e91,Organo Antharam Agroforestry & Bio-Diverse Food Forest,hyderabad,Hyderabad,Telangana,Chevella - Shankarpally Rurban Corridor,17.308,78.14,545,3.0,3.0 Acres (145.2 Guntas),52.0,1.56,Red Chalkas with High Mineral Compost,6.7,0.85,Checkdam recharge basin and sweet water borewell,210,1,0.6934,🪵 Certified Sandalwood (Chandan),96.4,"[""\ud83e\udeb5 Certified Sandalwood (Chandan)"", ""\ud83e\udd51 Hass Avocado"", ""\ud83d\udc09 Dragon Fruit (Red Flesh Pitaya)""]",8.0,1,1,10.0,⭐ 10.0% p.a. Contractual Annual Leaseback + 60% Timber/Fruit Harvest Revenue Share,97,A+,88.3,Managed Farmland Operator,Organo Eco-Communities Partner Desk,+91 90001 88770,https://wa.me/919000188770,Telangana Dharani Land Portal Verified Title,https://dharani.telangana.gov.in/,2026-10-03 17:23:11,1,15
eval_raw_managed_d2b7d7922e5f,Malabar Neem & Teak Bio-Investment Sanctuary,coimbatore,Coimbatore & Pollachi,Tamil Nadu,Pollachi Anaimalai Foothills,10.66,76.98,380,5.0,5.0 Acres (2.02 Hectares),42.0,2.1,Rich Red Loam with Porous Base,6.5,0.86,Parambikulam Aliyar Project canal feeder + 2 borewells,180,1,0.6849,🥑 Hass Avocado,96.1,"[""\ud83e\udd51 Hass Avocado"", ""\ud83c\udf48 High-Density Guava (VNR Bihi / Allahabad Surkha)"", ""\ud83e\udeb5 Certified Sandalwood (Chandan)""]",8.0,1,1,12.0,⭐ 12.0% p.a. Contractual Annual Leaseback + 60% Timber/Fruit Harvest Revenue Share,97,A+,88.27,Managed Farmland Operator,Pollachi Agro-Green Forestry Desk,+91 94430 22110,https://wa.me/919443022110,Tamil Nadu Patta Chitta Revenue e-Services,https://eservices.tn.gov.in/,2026-10-03 17:23:11,1,16
eval_raw_json_224acfbfd445,Shahganj - Kerakat Gomti Basin Ginger & Turmeric Alluvial Ranch,varanasi_100km,"Shahganj - Kerakat Gomti Basin, Jaunpur District",Uttar Pradesh,"Shahganj - Kerakat Gomti Basin, Jaunpur District",25.746,82.683,84,3.0,3.0 Acres (4.8 Pakka Bigha / 96 Biswa),35.0,1.05,Fine Sandy Loam (Gomti Basin Alluvium - High available potash and friable texture),7.1,0.85,Gomti Lift Irrigation Canal branch + 4-inch Submersible Tubewell,215,1,0.7334,🍈 High-Density Guava (VNR Bihi / Allahabad Surkha),95.7,"[""\ud83c\udf48 High-Density Guava (VNR Bihi / Allahabad Surkha)"", ""\ud83e\udeb5 Certified Sandalwood (Chandan)"", ""\ud83d\udc09 Dragon Fruit (Red Flesh Pitaya)""]",5.5,1,1,9.4,⭐ 9.4% p.a. Contractual Annual Leaseback + 60% Timber/Fruit Harvest Revenue Share,100,A+ Sovereign Grade,88.25,Direct Owner / Farmer,Tribhuvan Nath Yadav (Progressive Farmer),+91 94156 22091,"https://wa.me/919415622091?text=Namaste%20Yadavji,%20inquiring%20about%20Jaunpur%20Gomti%20Basin%20Farmland",UP Bhulekh Land Records & ICAR-CISH Field Station,https://upbhulekh.gov.in/,2026-10-03 17:23:11,1,17
eval_raw_json_b24438153599,Ghazipur Sadar - Ganga River Bluff High-Value Rose & Mentha Distillation Ranch,varanasi_100km,"Ghazipur Sadar Ganga Bluff, Ghazipur District",Uttar Pradesh,"Ghazipur Sadar Ganga Bluff, Ghazipur District",25.578,83.582,72,7.5,7.5 Acres (12.0 Pakka Bigha / 240.0 Biswa),16.5,1.24,Ganga Alluvium Fine Silty Loam,7.2,0.88,Ganga Deep Well + Canal Network,215,1,0.6777,🍈 High-Density Guava (VNR Bihi / Allahabad Surkha),95.1,"[""\ud83c\udf48 High-Density Guava (VNR Bihi / Allahabad Surkha)"", ""\ud83e\udeb5 Certified Sandalwood (Chandan)"", ""\ud83d\udc09 Dragon Fruit (Red Flesh Pitaya)""]",22.0,1,1,10.8,⭐ 10.8% p.a. Contractual Annual Leaseback + 60% Timber/Fruit Harvest Revenue Share,100,A+ Sovereign Grade,87.87,Direct Landowner / Farmer,Mukhtar Ahmad Khan,+91 94158 33201,https://wa.me/919415833201?text=Interested%20in%20Ghazipur%20Rose%20Ranch,UP Bhulekh Portal (Ghazipur Sadar),https://upbhulekh.gov.in/,2026-10-03 17:23:11,1,18
eval_raw_json_48bb2eea8bea,Ramnagar Sandstone Riverfront Organic Guava & Amla Orchard,varanasi_100km,"Ramnagar - Chunar Ganga East Bank, Varanasi Periphery",Uttar Pradesh,"Ramnagar - Chunar Ganga East Bank, Varanasi Periphery",25.242,83.045,88,3.0,3.0 Acres (4.8 Pakka Bigha / 96 Biswa),52.0,1.56,High Plinth Sandy Loam with Vindhyan limestone minerals (Flood-Proof Ridge),7.3,0.8,Borewell with 3-inch discharge + Natural perched water table filter,220,0,0.717,🍈 High-Density Guava (VNR Bihi / Allahabad Surkha),95.5,"[""\ud83c\udf48 High-Density Guava (VNR Bihi / Allahabad Surkha)"", ""\ud83e\udeb5 Certified Sandalwood (Chandan)"", ""\ud83d\udc09 Dragon Fruit (Red Flesh Pitaya)""]",5.4,1,1,11.1,⭐ 11.1% p.a. Contractual Annual Leaseback + 60% Timber/Fruit Harvest Revenue Share,100,A+ Sovereign Grade,87.86,Direct Owner / Farmer,Dharmendra Pratap Singh (Direct Landowner),+91 98390 41285,"https://wa.me/919839041285?text=Namaskar%20Dharmendraji,%20inquiring%20about%20Ramnagar%20Riverfront%20Farmland",YouTube Purvanchal Land Walk Reviews & UP Bhulekh Verification,https://www.youtube.com/results?search_query=varanasi+ramnagar+farmland+review,2026-10-03 17:23:11,1,19
eval_raw_json_2ed152148340,Tiruvallur Agro-Haven Dragon Fruit & Hydroponic Farm,chennai,"Near Poondi Reservoir Catchment, Tiruvallur District",Chennai,"Near Poondi Reservoir Catchment, Tiruvallur District",13.195,79.885,55,1.5,1.5 Acres (150 Cents),60.0,0.9,Alluvial Loam with sand sub-layers (Abundant groundwater catchment),6.8,0.79,Poondi Catchment Sweet Aquifer: 1 High-Yield Borewell (4-inch discharge),220,1,0.7481,🪵 Certified Sandalwood (Chandan),97.7,"[""\ud83e\udeb5 Certified Sandalwood (Chandan)"", ""\ud83c\udf48 High-Density Guava (VNR Bihi / Allahabad Surkha)"", ""\ud83e\udd51 Hass Avocado""]",6.8,1,1,11.3,⭐ 11.3% p.a. Contractual Annual Leaseback + 60% Timber/Fruit Harvest Revenue Share,90,A+,87.82,Managed Farmland Operator,Green Harvest Agro (P. Murugan),+91 98840 99812,"https://wa.me/919884099812?text=Hi%20Murugan,%20inquiring%20about%20Tiruvallur%20Dragon%20Fruit%20Farm",Tiruvallur Revenue Records & National Horticulture Board Chennai,https://eservices.tn.gov.in/eservicesnew/,2026-10-03 17:23:11,1,20
eval_raw_json_fac53f857fc4,Robertsganj - Ghorawal Vindhyan Black Cotton Soil Soybean Ranch,varanasi_100km,"Robertsganj - Ghorawal Valley, Sonbhadra District",Uttar Pradesh,"Robertsganj - Ghorawal Valley, Sonbhadra District",24.685,83.065,290,5.0,5.0 Acres (8.0 Pakka Bigha / 160 Biswa),22.0,1.1,"Vindhyan High Plateau Deep Black Loam (Regur - High mineral fertility, self-plowing)",7.4,0.82,Farm Pond + 2 Deep Tubewells into Vindhyan aquifer,230,0,0.7697,🍈 High-Density Guava (VNR Bihi / Allahabad Surkha),96.0,"[""\ud83c\udf48 High-Density Guava (VNR Bihi / Allahabad Surkha)"", ""\ud83d\udc09 Dragon Fruit (Red Flesh Pitaya)"", ""\ud83e\udeb5 Certified Sandalwood (Chandan)""]",5.2,1,1,10.5,⭐ 10.5% p.a. Contractual Annual Leaseback + 60% Timber/Fruit Harvest Revenue Share,100,A+ Sovereign Grade,87.82,Direct Owner / Farmer,Mahendra Pratap Singh (Direct Landowner),+91 94158 33901,https://wa.me/919415833901?text=Inquiring%20about%20Robertsganj%20Sonbhadra%20Farmland,UP Bhulekh Land Records & Krishi Vigyan Kendra Sonbhadra,https://upbhulekh.gov.in/,2026-10-03 17:23:11,1,21
eval_raw_json_1d8730f6dbb7,Nokha - Sone Basin High-Yield Pulses & Certified Seed Ranch,varanasi_100km,"Nokha Block, Rohtas District, Bihar",Bihar,"Nokha Block, Rohtas District, Bihar",25.075,84.155,118,7.0,7.0 Acres (11.2 Pakka Bigha / 224.0 Biswa),14.0,0.98,Alluvial Loam with Optimal Calcium Content,7.3,0.85,Sone Canal Feeder + Submersible Pump,230,1,0.711,🍈 High-Density Guava (VNR Bihi / Allahabad Surkha),95.5,"[""\ud83c\udf48 High-Density Guava (VNR Bihi / Allahabad Surkha)"", ""\ud83e\udeb5 Certified Sandalwood (Chandan)"", ""\ud83d\udc09 Dragon Fruit (Red Flesh Pitaya)""]",14.0,1,1,10.6,⭐ 10.6% p.a. Contractual Annual Leaseback + 60% Timber/Fruit Harvest Revenue Share,100,A+ Sovereign Grade,87.52,Direct Landowner / Farmer,Pankaj Kumar Singh,+91 94318 90112,https://wa.me/919431890112?text=Interested%20in%20Nokha%20Seed%20Ranch,SFarmsIndia Verified Listing,https://www.sfarmsindia.com/,2026-10-03 17:23:11,1,22
eval_raw_managed_fed91051be76,Vanya Orchards Sahyadri Agro-Haven & Dragon Fruit Ranch,mumbai_mmr,Mumbai & MMR,Maharashtra,Karjat - Kashele Foothills,18.945,73.35,120,2.0,80 Gunthas (2.0 Acres),75.0,1.5,Basalt Derived Laterite Loam,6.4,0.82,Perennial mountain stream weir + borewell,140,1,0.6381,🥑 Hass Avocado,94.7,"[""\ud83e\udd51 Hass Avocado"", ""\ud83c\udf48 High-Density Guava (VNR Bihi / Allahabad Surkha)"", ""\ud83e\udeb5 Certified Sandalwood (Chandan)""]",8.0,1,1,11.0,⭐ 11.0% p.a. Contractual Annual Leaseback + 60% Timber/Fruit Harvest Revenue Share,95,A+,87.27,Managed Farmland Operator,Vanya Living Agritech Ltd,+91 98200 77112,https://wa.me/919820077112,Maharashtra Mahabhulekh 7/12 Extract Certified,https://bhulekh.mahabhumi.gov.in/,2026-10-03 17:23:11,1,23
eval_raw_json_411b86426621,Harhua - Babatpur Agro-Highway Mixed Horticultural Ranch,varanasi_100km,"Harhua Block, NH-56 Airport Highway, Varanasi",Uttar Pradesh,"Harhua Block, NH-56 Airport Highway, Varanasi",25.385,82.915,78,3.8,3.8 Acres (6.08 Pakka Bigha / 121.6 Biswa),35.0,1.33,Rich Bangar Alluvium (High Phosphorus),7.1,0.85,Canal Lift Scheme & Dedicated 15 HP Tubewell,275,1,0.7468,🐉 Dragon Fruit (Red Flesh Pitaya),93.9,"[""\ud83d\udc09 Dragon Fruit (Red Flesh Pitaya)"", ""\ud83e\udd6d Premium Mango Orchards"", ""\ud83c\udf31 Protected Polyhouse Greens""]",16.2,1,1,9.4,⭐ 9.4% p.a. Contractual Annual Leaseback + 60% Timber/Fruit Harvest Revenue Share,100,A+ Sovereign Grade,87.25,Direct Landowner / Farmer,Om Prakash Upadhyay,+91 97920 33411,https://wa.me/919792033411?text=Interested%20in%20Harhua%20Horticulture%20Ranch,UP Bhulekh Portal (Pindra Tehsil),https://upbhulekh.gov.in/,2026-10-03 17:23:11,1,24
eval_raw_json_e3a91cc7acfa,Chainpur - Kaimur Wildlife Sanctuary Buffer Agroforestry Ranch,varanasi_100km,"Chainpur Foothills, Kaimur District, Bihar",Bihar,"Chainpur Foothills, Kaimur District, Bihar",24.975,83.525,92,10.0,10.0 Acres (16.0 Pakka Bigha / 320.0 Biswa),10.0,1.0,Virgin Red Loam with Excellent Micro-Nutrients,6.9,0.98,Mountain Stream Flow + Solar Borewell,170,1,0.5829,🪵 Certified Sandalwood (Chandan),95.3,"[""\ud83e\udeb5 Certified Sandalwood (Chandan)"", ""\ud83c\udf48 High-Density Guava (VNR Bihi / Allahabad Surkha)"", ""\ud83d\udc09 Dragon Fruit (Red Flesh Pitaya)""]",19.0,1,1,8.5,⭐ 8.5% p.a. Contractual Annual Leaseback + 60% Timber/Fruit Harvest Revenue Share,100,A+ Sovereign Grade,87.22,Direct Landowner / Farmer,Awadhesh Prasad,+91 94314 55102,https://wa.me/919431455102?text=Interested%20in%20Chainpur%20Agroforestry%20Ranch,Direct Farmer Lead (Kaimur Land Video),https://www.youtube.com/,2026-10-03 17:23:11,1,25
eval_raw_json_42e903894637,Organo Antharam Agroforestry & Bio-Diverse Food Forest,hyderabad,Chevella - Shankarpally Rurban Corridor,Hyderabad,Chevella - Shankarpally Rurban Corridor,17.308,78.14,545,3.0,3.0 Acres (145.2 Guntas),52.0,1.56,Red Chalkas with High Mineral Compost,6.7,0.85,Checkdam recharge basin and sweet water borewell,210,1,0.5663,🪵 Certified Sandalwood (Chandan),95.2,"[""\ud83e\udeb5 Certified Sandalwood (Chandan)"", ""\ud83e\udd51 Hass Avocado"", ""\ud83d\udc09 Dragon Fruit (Red Flesh Pitaya)""]",8.0,1,1,11.0,⭐ 11.0% p.a. Contractual Annual Leaseback + 60% Timber/Fruit Harvest Revenue Share,97,A+,86.89,Managed Farmland Operator,Organo Eco-Communities Partner Desk,+91 90001 88770,https://wa.me/919000188770,Telangana Dharani Land Portal Verified Title,https://dharani.telangana.gov.in/,2026-10-03 17:23:11,1,26
eval_raw_json_014c411cb4e5,Chaugain - Sone Canal Irrigated Organic Mustard & Wheat Ranch,varanasi_100km,"Chaugain Block, Buxar District, Bihar",Bihar,"Chaugain Block, Buxar District, Bihar",25.595,84.225,67,5.5,5.5 Acres (8.8 Pakka Bigha / 176.0 Biswa),12.5,0.6875,Fine Silt Bangar Alluvium,7.2,0.85,Sone Canal Feeder + Electric Pump,220,1,0.7001,🐉 Dragon Fruit (Red Flesh Pitaya),93.5,"[""\ud83d\udc09 Dragon Fruit (Red Flesh Pitaya)"", ""\ud83e\udd6d Premium Mango Orchards"", ""\ud83c\udf31 Protected Polyhouse Greens""]",11.5,1,1,8.8,⭐ 8.8% p.a. Contractual Annual Leaseback + 60% Timber/Fruit Harvest Revenue Share,100,A+ Sovereign Grade,86.7,Direct Landowner / Farmer,Shambhu Nath Ojha,+91 94300 77129,https://wa.me/919430077129?text=Interested%20in%20Chaugain%20Farmland,Hindustan Purvanchal E-Paper Notice,https://epaper.livehindustan.com/,2026-10-03 17:23:11,1,27
eval_raw_json_667f75d6824b,Sultanpur Road - Purvanchal Expressway Gateway Agro-Orchard,lucknow,"Near Gosainganj / Purvanchal Expressway Mile-0 Node, Lucknow",Lucknow (Awadh Fertile Corridor),"Near Gosainganj / Purvanchal Expressway Mile-0 Node, Lucknow",26.745,81.042,121,4.0,4.0 Acres (6.4 Bigha),48.0,1.92,Deep Alluvial Loam overlaid with Gangetic silt (Excellent drainage & neutral pH),7.2,0.86,Sharda Canal tributary distributary + 2 High-Discharge Tubewells (4-inch flow),190,0,0.7661,🍈 High-Density Guava (VNR Bihi / Allahabad Surkha),96.0,"[""\ud83c\udf48 High-Density Guava (VNR Bihi / Allahabad Surkha)"", ""\ud83e\udeb5 Certified Sandalwood (Chandan)"", ""\ud83d\udc09 Dragon Fruit (Red Flesh Pitaya)""]",7.4,1,1,10.8,⭐ 10.8% p.a. Contractual Annual Leaseback + 60% Timber/Fruit Harvest Revenue Share,90,A+,86.69,Direct Owner / Farmer,Rameshwar Pratap Singh (Direct Farmer),+91 94154 33210,"https://wa.me/919415433210?text=Namaste%20Rameshwarji,%20inquiring%20about%20Sultanpur%20Road%20Farmland",UP Expressway Industrial Development Authority (UPEIDA) & UP Bhulekh,https://upbhulekh.gov.in/,2026-10-03 17:23:11,1,28
eval_raw_json_583e7244dde4,Vanya Orchards Sahyadri Agro-Haven & Dragon Fruit Ranch,mumbai_mmr,Karjat - Kashele Foothills,Mumbai & MMR,Karjat - Kashele Foothills,18.945,73.35,120,2.0,80 Gunthas (2.0 Acres),75.0,1.5,Basalt Derived Laterite Loam,6.4,0.82,Perennial mountain stream weir + borewell,140,1,0.6143,🥑 Hass Avocado,94.5,"[""\ud83e\udd51 Hass Avocado"", ""\ud83c\udf48 High-Density Guava (VNR Bihi / Allahabad Surkha)"", ""\ud83e\udeb5 Certified Sandalwood (Chandan)""]",8.0,1,1,10.0,⭐ 10.0% p.a. Contractual Annual Leaseback + 60% Timber/Fruit Harvest Revenue Share,95,A+,86.41,Managed Farmland Operator,Vanya Living Agritech Ltd,+91 98200 77112,https://wa.me/919820077112,Maharashtra Mahabhulekh 7/12 Extract Certified,https://bhulekh.mahabhumi.gov.in/,2026-10-03 17:23:11,1,29
eval_raw_json_1e9bbc08fbda,Dehri-on-Sone - Sasaram Sone Canal Basmati & Wheat Agro-Ranch,varanasi_100km,"Dehri-on-Sone - Sasaram Agro Hub, Rohtas District, Bihar Border Belt",Bihar,"Dehri-on-Sone - Sasaram Agro Hub, Rohtas District, Bihar Border Belt",24.952,84.031,105,4.5,4.5 Acres (7.2 Bigha / 144 Kattha / 2880 Dhur),28.0,1.26,Alluvial Clay Loam (Granary of Bihar - 100% canal irrigated basmati soil),7.3,0.89,Perennial Sone High Canal Network gravity feed + Tubewell,210,0,0.6349,🍈 High-Density Guava (VNR Bihi / Allahabad Surkha),94.7,"[""\ud83c\udf48 High-Density Guava (VNR Bihi / Allahabad Surkha)"", ""\ud83e\udeb5 Certified Sandalwood (Chandan)"", ""\ud83d\udc09 Dragon Fruit (Red Flesh Pitaya)""]",6.4,1,1,10.1,⭐ 10.1% p.a. Contractual Annual Leaseback + 60% Timber/Fruit Harvest Revenue Share,100,A+ Sovereign Grade,86.4,Direct Owner / Farmer,Girish Chandra Verma (Direct Landowner),+91 94318 44091,https://wa.me/919431844091?text=Inquiring%20about%20Dehri%20Rohtas%20Farmland,Bihar Bhumi Portal & Rohtas District Agriculture Office,https://biharbhumi.bihar.gov.in/,2026-10-03 17:23:11,1,30
eval_raw_json_388355ee9646,Shankarpally Red Soil Avocado & Sandalwood Agro-Park,hyderabad,"Shankarpally - Chevella Agro Belt, Ranga Reddy District",Hyderabad,"Shankarpally - Chevella Agro Belt, Ranga Reddy District",17.448,78.125,565,2.0,2.0 Acres (80 Guntas),78.0,1.56,"Deep Red Gravelly Sandy Loam (Chalaka soil, high iron & perfect internal drainage)",6.8,0.78,2 High-Yield Borewells (3.5-inch continuous flow) + Rainwater Storage Pond,280,1,0.7656,🪵 Certified Sandalwood (Chandan),97.9,"[""\ud83e\udeb5 Certified Sandalwood (Chandan)"", ""\ud83c\udf48 High-Density Guava (VNR Bihi / Allahabad Surkha)"", ""\ud83e\udd51 Hass Avocado""]",5.0,1,1,10.0,⭐ 10.0% p.a. Contractual Annual Leaseback + 60% Timber/Fruit Harvest Revenue Share,90,A+,86.38,Managed Farmland Operator,Deccan Agrofarms (R. K. Varma),+91 98490 66789,"https://wa.me/919849066789?text=Hi%20Varma%20Garu,%20inquiring%20about%20Shankarpally%20Avocado%20Farmland",Telangana Dharani Land Portal & PJTSAU Agricultural University Hyderabad,https://dharani.telangana.gov.in/,2026-10-03 17:23:11,1,31
eval_raw_json_92daecd9e6f8,Konkan Spice Grove & Organic Cashew Ranch,goa,Ponda - Usgao Riverine Belt,Goa,Ponda - Usgao Riverine Belt,15.42,74.05,55,3.5,"14,164 sq.m (3.5 Acres)",60.0,2.1,Laterite Humus Rich Garden Soil,5.9,0.94,Khandepar river lift pump & natural spring well,95,1,0.7137,🥭 Premium Mango Orchards,92.6,"[""\ud83e\udd6d Premium Mango Orchards"", ""\ud83c\udf31 Protected Polyhouse Greens""]",8.0,1,1,9.6,⭐ 9.6% p.a. Contractual Annual Leaseback + 60% Timber/Fruit Harvest Revenue Share,96,A+,86.31,Managed Farmland Operator,Goa Agri-Estates Trust,+91 832 245 8890,https://wa.me/918322458890,Directorate of Land Records Goa Certified Form I & XIV,https://dslr.goa.gov.in/,2026-10-03 17:23:11,1,32
eval_raw_json_1ef0e3c83782,Buxar - Ganga Alluvial Basin High-Silt Seed Breeding Ranch,varanasi_100km,"Buxar Tehsil, Ganga Alluvial Basin, Bihar Border Belt",Bihar,"Buxar Tehsil, Ganga Alluvial Basin, Bihar Border Belt",25.564,83.977,68,3.5,3.5 Acres (5.6 Bigha / 112 Kattha / 2240 Dhur),30.0,1.05,"Deep Gangetic Floodplain Silt Loam (Naturally renewed topsoil, high nitrogen)",7.4,0.93,Borewell with 4-inch discharge + Ganga Pumping Scheme canal line,205,0,0.6257,🍈 High-Density Guava (VNR Bihi / Allahabad Surkha),94.6,"[""\ud83c\udf48 High-Density Guava (VNR Bihi / Allahabad Surkha)"", ""\ud83d\udc09 Dragon Fruit (Red Flesh Pitaya)"", ""\ud83e\udeb5 Certified Sandalwood (Chandan)""]",5.8,1,1,10.8,⭐ 10.8% p.a. Contractual Annual Leaseback + 60% Timber/Fruit Harvest Revenue Share,100,A+ Sovereign Grade,86.29,Direct Owner / Farmer,Satyanarayan Ojha (Landowner),+91 94314 55102,https://wa.me/919431455102?text=Inquiring%20about%20Buxar%20Ganga%20Farmland,Bihar Bhumi Portal & Bihar Agricultural University Sabour Extension,https://biharbhumi.bihar.gov.in/,2026-10-03 17:23:11,1,33
eval_raw_json_9ed624ebc0fd,Chandauli Grain Bowl Kalanamak Basmati Agro-Ranch (Kashi Hinterland),varanasi_100km,"Pt. Deen Dayal Upadhyaya Hinterland, Chandauli District",Uttar Pradesh,"Pt. Deen Dayal Upadhyaya Hinterland, Chandauli District",25.258,83.266,78,4.0,4.0 Acres (6.4 Pakka Bigha / 128 Biswa),38.0,1.52,"Heavy Gangetic-Karmanasa Alluvial Clay Loam (Rich humus, moisture retaining)",7.2,0.92,Chandraprabha Canal Branch gravity feed + 5-inch heavy-duty Tubewell,205,0,0.6322,🍈 High-Density Guava (VNR Bihi / Allahabad Surkha),94.7,"[""\ud83c\udf48 High-Density Guava (VNR Bihi / Allahabad Surkha)"", ""\ud83e\udeb5 Certified Sandalwood (Chandan)"", ""\ud83d\udc09 Dragon Fruit (Red Flesh Pitaya)""]",6.8,1,1,8.9,⭐ 8.9% p.a. Contractual Annual Leaseback + 60% Timber/Fruit Harvest Revenue Share,100,A+ Sovereign Grade,86.06,Direct Owner / Farmer,Rameshwar Upadhyay (Landowner),+91 94158 90312,"https://wa.me/919415890312?text=Namaskar%20Upadhyayji,%20inquiring%20about%20Chandauli%20Kalanamak%20Farmland",UP Bhulekh Land Records & Krishi Vigyan Kendra Chandauli,https://upbhulekh.gov.in/,2026-10-03 17:23:11,1,34
eval_raw_json_c2a65a511fe9,Nizamabad - Terracotta Belt High-Density Mango & Guava Ranch,varanasi_100km,"Nizamabad Heritage Block, Azamgarh",Uttar Pradesh,"Nizamabad Heritage Block, Azamgarh",26.045,83.055,79,5.0,5.0 Acres (8.0 Pakka Bigha / 160.0 Biswa),15.0,0.75,Fine Bangar Loam with Rich Clay Content,7.3,0.8,Canal Sub-branch + Electric Tubewell,260,1,0.7231,🍈 High-Density Guava (VNR Bihi / Allahabad Surkha),95.6,"[""\ud83c\udf48 High-Density Guava (VNR Bihi / Allahabad Surkha)"", ""\ud83e\udeb5 Certified Sandalwood (Chandan)"", ""\ud83d\udc09 Dragon Fruit (Red Flesh Pitaya)""]",14.0,1,1,9.2,⭐ 9.2% p.a. Contractual Annual Leaseback + 60% Timber/Fruit Harvest Revenue Share,100,A+ Sovereign Grade,86.05,Direct Landowner / Farmer,Shashi Bhushan Singh,+91 94152 77014,https://wa.me/919415277014?text=Interested%20in%20Nizamabad%20Farmland,SFarmsIndia Verified Listing,https://www.sfarmsindia.com/,2026-10-03 17:23:11,1,35
eval_raw_json_db18a4c6d98f,Malabar Neem & Teak Bio-Investment Sanctuary,coimbatore,Pollachi Anaimalai Foothills,Coimbatore & Pollachi,Pollachi Anaimalai Foothills,10.66,76.98,380,5.0,5.0 Acres (2.02 Hectares),42.0,2.1,Rich Red Loam with Porous Base,6.5,0.86,Parambikulam Aliyar Project canal feeder + 2 borewells,180,1,0.6388,🥑 Hass Avocado,95.7,"[""\ud83e\udd51 Hass Avocado"", ""\ud83c\udf48 High-Density Guava (VNR Bihi / Allahabad Surkha)"", ""\ud83e\udeb5 Certified Sandalwood (Chandan)""]",8.0,1,1,8.6,⭐ 8.6% p.a. Contractual Annual Leaseback + 60% Timber/Fruit Harvest Revenue Share,97,A+,86.03,Managed Farmland Operator,Pollachi Agro-Green Forestry Desk,+91 94430 22110,https://wa.me/919443022110,Tamil Nadu Patta Chitta Revenue e-Services,https://eservices.tn.gov.in/,2026-10-03 17:23:11,1,36
eval_raw_json_ec323cc3380b,Awadh Agro-Retreat Certified Langra & Dussehri Mango Ranch,lucknow,Malihabad Mango Belt (Badaun Highway),Lucknow (Awadh),Malihabad Mango Belt (Badaun Highway),26.92,80.71,125,4.0,6.4 Purvanchal Pakka Bigha,38.0,1.52,Deep Ganga-Gomti Alluvial Loam,7.1,0.79,Solar Tubewell with canal lift irrigation,240,1,0.6697,🍈 High-Density Guava (VNR Bihi / Allahabad Surkha),95.0,"[""\ud83c\udf48 High-Density Guava (VNR Bihi / Allahabad Surkha)"", ""\ud83e\udeb5 Certified Sandalwood (Chandan)"", ""\ud83d\udc09 Dragon Fruit (Red Flesh Pitaya)""]",8.0,1,1,10.7,⭐ 10.7% p.a. Contractual Annual Leaseback + 60% Timber/Fruit Harvest Revenue Share,94,A+,85.95,Managed Farmland Operator,Awadh Heritage Farms Management,+91 94150 99330,https://wa.me/919415099330,UP Bhulekh Malihabad Registry,https://upbhulekh.gov.in/,2026-10-03 17:23:11,1,37
eval_raw_json_0de80c1b9b8e,Mohanlalganj - Kisan Path Outer Ring Alluvial Agro-Ranch,lucknow,"Kisan Path Outer Ring Road (ORR) Corridor, Mohanlalganj, Lucknow",Lucknow (Awadh Fertile Corridor),"Kisan Path Outer Ring Road (ORR) Corridor, Mohanlalganj, Lucknow",26.685,80.982,122,2.0,2.0 Acres (3.2 Bigha),62.0,1.24,Rich Gangetic-Sai Alluvial Loam (Naturally fertile older alluvium with high moisture retention),7.3,0.88,"High-Yield 4-inch Submersible Tubewell (Water table at only 42 ft, TDS 180 ppm)",180,1,0.7734,🍈 High-Density Guava (VNR Bihi / Allahabad Surkha),96.1,"[""\ud83c\udf48 High-Density Guava (VNR Bihi / Allahabad Surkha)"", ""\ud83e\udeb5 Certified Sandalwood (Chandan)"", ""\ud83d\udc09 Dragon Fruit (Red Flesh Pitaya)""]",6.8,1,1,9.9,⭐ 9.9% p.a. Contractual Annual Leaseback + 60% Timber/Fruit Harvest Revenue Share,90,A+,85.93,Managed Farmland Operator,Awadh Agri Ventures (Pradeep Awasthi),+91 98391 77234,"https://wa.me/919839177234?text=Hi%20Pradeep,%20inquiring%20about%20Mohanlalganj%20Kisan%20Path%20Agro-Ranch",Mohanlalganj Tehsil Land Records & Lucknow Master Plan 2031,https://upbhulekh.gov.in/,2026-10-03 17:23:11,1,38
eval_raw_json_21b72aa5330e,Karnal Indo-Gangetic Golden Grain & Dairy Agro-Park,punjab_fertile_basin,Karnal - Taraori Basmati Belt,Punjab & Haryana,Karnal - Taraori Basmati Belt,29.68,76.98,252,8.0,64 Kanal (8 Acres / 8 Killa),45.0,3.6,Deep Indo-Gangetic Alluvial Silt,7.4,0.74,Western Yamuna Canal Sub-Feeder & Tubewell (Sweet),210,1,0.7064,🍈 High-Density Guava (VNR Bihi / Allahabad Surkha),95.4,"[""\ud83c\udf48 High-Density Guava (VNR Bihi / Allahabad Surkha)"", ""\ud83d\udc09 Dragon Fruit (Red Flesh Pitaya)"", ""\ud83e\udd6d Premium Mango Orchards""]",8.0,1,1,10.9,⭐ 10.9% p.a. Contractual Annual Leaseback + 60% Timber/Fruit Harvest Revenue Share,95,A+,85.9,Managed Farmland Operator,Haryana Agro Corporate Farm Desk,+91 98120 44550,https://wa.me/919812044550,Haryana Jamabandi Revenue Record Certified,https://jamabandi.nic.in/,2026-10-03 17:23:11,1,39
eval_raw_managed_e97218f78698,Awadh Agro-Retreat Certified Langra & Dussehri Mango Ranch,lucknow,Lucknow (Awadh),Uttar Pradesh,Malihabad Mango Belt (Badaun Highway),26.92,80.71,125,4.0,6.4 Purvanchal Pakka Bigha,38.0,1.52,Deep Ganga-Gomti Alluvial Loam,7.1,0.79,Solar Tubewell with canal lift irrigation,240,1,0.7345,🍈 High-Density Guava (VNR Bihi / Allahabad Surkha),95.7,"[""\ud83c\udf48 High-Density Guava (VNR Bihi / Allahabad Surkha)"", ""\ud83e\udeb5 Certified Sandalwood (Chandan)"", ""\ud83d\udc09 Dragon Fruit (Red Flesh Pitaya)""]",8.0,1,1,9.0,⭐ 9.0% p.a. Contractual Annual Leaseback + 60% Timber/Fruit Harvest Revenue Share,94,A+,85.67,Managed Farmland Operator,Awadh Heritage Farms Management,+91 94150 99330,https://wa.me/919415099330,UP Bhulekh Malihabad Registry,https://upbhulekh.gov.in/,2026-10-03 17:23:11,1,40
eval_raw_json_7c7b25e65bed,Mohali Kharar Agro-Tech Drip-Irrigated Polyhouse Estate,punjab_fertile_basin,"Kharar - Kurali Agro Corridor, Greater Mohali",Punjab & Haryana,"Kharar - Kurali Agro Corridor, Greater Mohali",30.765,76.625,305,6.5,6.5 Acres (Contiguous Land),42.0,2.73,Fertile Sandy Clay Alluvium,7.1,0.82,2 Submersible Tubewells with Micro-Drip Fertigation System,220,1,0.782,🐉 Dragon Fruit (Red Flesh Pitaya),94.3,"[""\ud83d\udc09 Dragon Fruit (Red Flesh Pitaya)"", ""\ud83e\udd6d Premium Mango Orchards"", ""\ud83c\udf31 Protected Polyhouse Greens""]",8.9,1,1,9.1,⭐ 9.1% p.a. Contractual Annual Leaseback + 60% Timber/Fruit Harvest Revenue Share,90,A+,85.66,🏡 Managed Farmland Operator,Harmanpreet Singh Brar,+91 98765 44321,+91 98765 44321,State Bhulekh Registry,https://upbhulekh.gov.in/,2026-10-03 17:23:11,1,41
eval_raw_managed_0bffc4033be8,Konkan Spice Grove & Organic Cashew Ranch,goa,Goa,Goa,Ponda - Usgao Riverine Belt,15.42,74.05,55,3.5,"14,164 sq.m (3.5 Acres)",60.0,2.1,Laterite Humus Rich Garden Soil,5.9,0.94,Khandepar river lift pump & natural spring well,95,1,0.6245,🥭 Premium Mango Orchards,91.7,"[""\ud83e\udd6d Premium Mango Orchards"", ""\ud83c\udf31 Protected Polyhouse Greens""]",8.0,1,1,10.5,⭐ 10.5% p.a. Contractual Annual Leaseback + 60% Timber/Fruit Harvest Revenue Share,96,A+,85.64,Managed Farmland Operator,Goa Agri-Estates Trust,+91 832 245 8890,https://wa.me/918322458890,Directorate of Land Records Goa Certified Form I & XIV,https://dslr.goa.gov.in/,2026-10-03 17:23:11,1,42
eval_raw_json_04a00134b5ea,Ramanagara Silk-Route Managed Farmland,bengaluru,"Kootagal Hobli, Ramanagara (Bengaluru-Mysuru Expressway belt)",Bengaluru,"Kootagal Hobli, Ramanagara (Bengaluru-Mysuru Expressway belt)",12.721,77.265,750,1.0,1.0 Acre (40 Guntas),72.0,0.72,Rich Red Loam with alluvial clay subsoil (Strong moisture retention),6.9,0.81,Centralized Deep Aquifer Borewell + Rainwater Harvesting Swales + Lake proximity,260,1,0.6344,🪵 Certified Sandalwood (Chandan),95.8,"[""\ud83e\udeb5 Certified Sandalwood (Chandan)"", ""\ud83c\udf48 High-Density Guava (VNR Bihi / Allahabad Surkha)"", ""\ud83d\udc09 Dragon Fruit (Red Flesh Pitaya)""]",3.2,1,1,10.8,⭐ 10.8% p.a. Contractual Annual Leaseback + 60% Timber/Fruit Harvest Revenue Share,90,A+,84.82,Managed Farmland Operator,Hosachiguru Agro Advisors (Managed Farms),+91 80471 89200,"https://wa.me/918047189200?text=Hi,%20I%20am%20interested%20in%20Ramanagara%20Managed%20Farmland",RERA Karnataka Managed Farm Sanction + Bhoomi RTC Revenue Ledger,https://rera.karnataka.gov.in/,2026-10-03 17:23:11,1,43
eval_raw_json_11a8f2237640,Shamshabad Aerotropolis Organic Mango & Guava Orchard,hyderabad,"Near Kothur / Shamshabad Airport Hinterland, Ranga Reddy",Hyderabad,"Near Kothur / Shamshabad Airport Hinterland, Ranga Reddy",17.185,78.365,580,1.5,1.5 Acres (60 Guntas),88.0,1.32,Rich Red Sandy Soil with humus enrichment,6.9,0.81,"1 Borewell (3-inch discharge) + Over-head 15,000L Water Storage Tank",260,1,0.6841,🪵 Certified Sandalwood (Chandan),96.3,"[""\ud83e\udeb5 Certified Sandalwood (Chandan)"", ""\ud83d\udc09 Dragon Fruit (Red Flesh Pitaya)"", ""\ud83e\udd51 Hass Avocado""]",4.2,1,1,9.5,⭐ 9.5% p.a. Contractual Annual Leaseback + 60% Timber/Fruit Harvest Revenue Share,90,A+,84.69,Direct Owner / Farmer,K. Sudhakar Rao (Direct Landowner),+91 99490 12345,"https://wa.me/919949012345?text=Namaste%20Sudhakar%20Rao%20Garu,%20inquiring%20about%20Shamshabad%20Orchard",Dharani Portal Telangana & Ranga Reddy Collectorate,https://dharani.telangana.gov.in/,2026-10-03 17:23:11,1,44
eval_raw_managed_0d4ce464463f,Karnal Indo-Gangetic Golden Grain & Dairy Agro-Park,punjab_fertile_basin,Punjab & Haryana,Haryana,Karnal - Taraori Basmati Belt,29.68,76.98,252,8.0,64 Kanal (8 Acres / 8 Killa),45.0,3.6,Deep Indo-Gangetic Alluvial Silt,7.4,0.74,Western Yamuna Canal Sub-Feeder & Tubewell (Sweet),210,1,0.7305,🍈 High-Density Guava (VNR Bihi / Allahabad Surkha),95.7,"[""\ud83c\udf48 High-Density Guava (VNR Bihi / Allahabad Surkha)"", ""\ud83d\udc09 Dragon Fruit (Red Flesh Pitaya)"", ""\ud83e\udd6d Premium Mango Orchards""]",8.0,1,1,8.5,⭐ 8.5% p.a. Contractual Annual Leaseback + 60% Timber/Fruit Harvest Revenue Share,95,A+,84.63,Managed Farmland Operator,Haryana Agro Corporate Farm Desk,+91 98120 44550,https://wa.me/919812044550,Haryana Jamabandi Revenue Record Certified,https://jamabandi.nic.in/,2026-10-03 17:23:11,1,45
eval_raw_json_89825f2257d8,Mohammadabad - Purvanchal Agro-Highway Mango & Potato Ranch,varanasi_100km,"Mohammadabad Tehsil, NH-31 Corridor, Ghazipur",Uttar Pradesh,"Mohammadabad Tehsil, NH-31 Corridor, Ghazipur",25.615,83.75,72,6.0,6.0 Acres (9.6 Pakka Bigha / 192.0 Biswa),14.0,0.84,Deep Fertile Loam,7.4,0.79,Canal Lift Irrigation + 10 HP Borewell,260,0,0.6472,🍈 High-Density Guava (VNR Bihi / Allahabad Surkha),94.8,"[""\ud83c\udf48 High-Density Guava (VNR Bihi / Allahabad Surkha)"", ""\ud83d\udc09 Dragon Fruit (Red Flesh Pitaya)"", ""\ud83e\udeb5 Certified Sandalwood (Chandan)""]",13.5,1,1,9.1,⭐ 9.1% p.a. Contractual Annual Leaseback + 60% Timber/Fruit Harvest Revenue Share,100,A+ Sovereign Grade,84.33,Direct Landowner / Farmer,Satya Narayan Rai,+91 94510 44820,https://wa.me/919451044820?text=Interested%20in%20Mohammadabad%20Farmland,SFarmsIndia Verified Listing,https://www.sfarmsindia.com/,2026-10-03 17:23:11,1,46
eval_raw_json_2c854acd1ba4,Doddaballapura - Makali Organic Orchard,bengaluru,"Tubagere Hobli, Doddaballapura Taluk (STRR Growth Belt)",Bengaluru,"Tubagere Hobli, Doddaballapura Taluk (STRR Growth Belt)",13.351,77.562,880,3.0,3.0 Acres (120 Guntas),65.0,1.95,"Virgin Red Sandy Loam (High organic matter, free-draining)",6.7,0.74,2 High-Yield Borewells (3-inch discharge) + Sweet Natural Stream at boundary,310,1,0.675,🪵 Certified Sandalwood (Chandan),96.2,"[""\ud83e\udeb5 Certified Sandalwood (Chandan)"", ""\ud83c\udf48 High-Density Guava (VNR Bihi / Allahabad Surkha)"", ""\ud83e\udd51 Hass Avocado""]",6.5,1,1,10.3,⭐ 10.3% p.a. Contractual Annual Leaseback + 60% Timber/Fruit Harvest Revenue Share,90,A+,84.15,Verified Agricultural Broker,C. Suresh (Certified Rural Agro-Realty Advisor),+91 97412 33455,"https://wa.me/919741233455?text=Hi%20Suresh,%20inquiring%20about%20Doddaballapura%203-Acre%20Farmland",Bangalore Rural District Registrar & STRR NHAI Corridor Plan,https://bhoomi.karnataka.gov.in/,2026-10-03 17:23:11,1,47
eval_raw_json_df52026c7b90,Karnal Indo-Gangetic Basmati & Dragon Fruit Agro-Ranch,punjab_fertile_basin,"Kunjpura Road, Karnal - Yamuna Basin",Punjab & Haryana,"Kunjpura Road, Karnal - Yamuna Basin",29.712,77.085,256,6.0,6.0 Acres (48 Bighas / 480 Marlas),68.0,4.08,"Deep Alluvial Silt Loam (Richest agricultural soil in Asia, neutral pH, high CEC)",7.3,0.88,"Western Jamuna Canal Direct Share + 15 HP Solar Submersible Tubewell (6-inch discharge, TDS 220 ppm)",220,1,0.6666,🍈 High-Density Guava (VNR Bihi / Allahabad Surkha),95.0,"[""\ud83c\udf48 High-Density Guava (VNR Bihi / Allahabad Surkha)"", ""\ud83e\udeb5 Certified Sandalwood (Chandan)"", ""\ud83d\udc09 Dragon Fruit (Red Flesh Pitaya)""]",8.5,1,1,11.3,⭐ 11.3% p.a. Contractual Annual Leaseback + 60% Timber/Fruit Harvest Revenue Share,90,A+,84.1,Direct Owner / Farmer,Sardar Gurpreet Singh (Direct Landowner),+91 98120 77314,"https://wa.me/919812077314?text=Hi%20Gurpreet%20Ji,%20inquiring%20about%20your%20Karnal%20Agro-Ranch%20listing",Haryana Revenue Department (Jamabandi.nic.in) + CSSRI Karnal Soil Analysis,https://jamabandi.nic.in/,2026-10-03 17:23:11,1,48
eval_raw_json_f165e8039e85,Adalhat - AH-1 Highway Corridor Commercial Guava & Mustard Ranch,varanasi_100km,"Adalhat Junction, Varanasi-Shaktinagar Road",Uttar Pradesh,"Adalhat Junction, Varanasi-Shaktinagar Road",25.132,82.885,110,6.0,6.0 Acres (9.6 Pakka Bigha / 192.0 Biswa),21.0,1.26,Deep Black Alluvial Clay Loam,7.4,0.82,Canal Lift Scheme + Submersible Pump,270,1,0.5642,🍈 High-Density Guava (VNR Bihi / Allahabad Surkha),94.0,"[""\ud83c\udf48 High-Density Guava (VNR Bihi / Allahabad Surkha)"", ""\ud83d\udc09 Dragon Fruit (Red Flesh Pitaya)"", ""\ud83e\udeb5 Certified Sandalwood (Chandan)""]",14.0,1,1,10.9,⭐ 10.9% p.a. Contractual Annual Leaseback + 60% Timber/Fruit Harvest Revenue Share,100,A+ Sovereign Grade,84.06,Verified Agricultural Broker,Sunil Agrawal,+91 98380 91450,https://wa.me/919838091450?text=Interested%20in%20Adalhat%20Guava%20Ranch,Bank SARFAESI Auction (PNB Cleared),https://ibapi.in/,2026-10-03 17:23:11,1,49
eval_raw_json_5c7be15739da,Alibaug Coastal Organic Coconut & Exotic Citrus Orchard,mumbai_mmr,"Poynad - Awas Road, Alibaug Taluk, Raigad",Mumbai & MMR,"Poynad - Awas Road, Alibaug Taluk, Raigad",18.721,72.934,25,1.2,1.2 Acres (48 Gunthas),140.0,1.68,"Coastal Alluvial Sandy Loam (High drainage, coconut-specialized)",7.1,0.79,2 Open Ring Wells with crystal sweet coastal water + Drip network,210,1,0.6412,🍈 High-Density Guava (VNR Bihi / Allahabad Surkha),94.8,"[""\ud83c\udf48 High-Density Guava (VNR Bihi / Allahabad Surkha)"", ""\ud83e\udeb5 Certified Sandalwood (Chandan)"", ""\ud83d\udc09 Dragon Fruit (Red Flesh Pitaya)""]",3.8,1,1,8.8,⭐ 8.8% p.a. Contractual Annual Leaseback + 60% Timber/Fruit Harvest Revenue Share,90,A+,83.52,Managed Farmland Operator,Coastal Agro Retreats (Devendra Mehta),+91 98211 88900,"https://wa.me/919821188900?text=Hello,%20inquiring%20about%20Alibaug%20Coastal%20Orchard",Alibaug Sub-Registrar & Maharashtra Coastal Land Authority,https://bhulekh.mahabhumi.gov.in/,2026-10-03 17:23:11,1,50
