pincode,locality,city,state,avoidance_severity,elevation_delta_m,annual_waterlogging_days,negative_feedbacks_count,common_civic_complaints,water_tanker_reliance_index,peak_traffic_delay_index,development_authority_10_20yr_plan,upcoming_metro_line_and_station,upcoming_airport_connectivity,major_commercial_mall_sports_hubs,critique_negative_score_penalty,critique_master_plan_boost,critique_ai_viability_score,real_estate_advisory,last_scanned_timestamp,data_source
560103,Bellandur & Outer Ring Road (ORR) Lowlands,Bengaluru,Karnataka,Critical Avoidance,-7.5m below Bellandur ridge,14-22 days,1420,"Severe stormwater drain (Rajakaluve) backflow into apartment basements; Bellandur lake foam & toxic methane fires during monsoons; 100% dependency on private water tankers (₹1,800/load); severe peak traffic snarls at Ecospace & Kadubeesanahalli junctions (speeds < 8 km/h); frequent 11kV transformer trips.",9.6,2.85x (9.2 km/h avg),BDA / BMRDA Master Plan 2031: Bellandur Lake Rejuvenation Wetland Sluices; 73km Peripheral Ring Road (PRR) eastern alignment; Comprehensive Rajakaluve concrete retaining walls.,Namma Metro Blue Line (ORR-Airport) Bellandur & Ecospace Stations (Opening 2026-27),"Direct elevated Metro corridor to Kempegowda International Airport (KIA T2) via Hebbal (52 km, 55 mins travel time)","Central Mall Bellandur, Ecoworld Play Arenas, Agara Lake Sports Complex, Soul Space Spirit Mall",-32,18,36,"STRICT AVOIDANCE for ground floor units and basement parking. High rental demand for techies, but structural dampness and seasonal evacuation risks persist.",2026-10-03 12:03:03,BBMP Disaster Cell / Karnataka SWRD / BMRCL Phase 2B DPR
560087,Varthur & Panathur Railway Underbridge (RUB) Catchment,Bengaluru,Karnataka,Critical Avoidance,-9.0m Varthur wetland trough,16-25 days,1280,Panathur S-bend Railway Underbridge single-lane bottleneck causing 90-min traffic jams; Varthur lake overflow onto SH-35; zero municipal BWSSB piped connection; private tanker mafia extortion; foul stench from open stormwater conduits; severe potholes on Balagere road.,9.8,3.10x (6.5 km/h avg),BMRDA Master Plan: 4-lane Panathur ROB replacement; Varthur-Sarjapur intermediate arterial widening to 80ft; BMRCL Phase 3 extension to Varthur Kodi.,Namma Metro Phase 3 Varthur Kodi Extension Station (Target 2031-33),SH-35 to Whitefield Kadugodi connecting to Airport Expressway via Budigere Cross (42 km),"Nexus Whitefield Mall (4.2 km), Varthur Club Ground, Decathlon Sarjapur (5 km)",-35,15,30,Avoid property purchases without verified physical approach road width >= 40 feet. Beware of wetland encroachment buffer notices.,2026-10-03 12:03:03,BMRDA Master Plan 2031 / BBMP Ward 149 Audit
560035,Sarjapur Road (Rainbow Drive & Kasavanahalli Lakebed),Bengaluru,Karnataka,High Stress Avoidance,-5.8m Kasavanahalli lake valley,10-18 days,940,Rainbow Drive gated layout natural nala obstruction causing complete boat evacuations in heavy rainfall; Kasavanahalli lake overflow onto Sarjapur Main Road; acute drinking water scarcity; unregulated tanker water with TDS > 850 ppm causing pipe corrosion; Carmelaram railway crossing gridlock.,9.2,2.60x (11.0 km/h avg),BDA CDP 2035: Carmelaram Railway Overbridge (ROB) 4-laning; SWD nala desilting and detention basin creation; STRR connecting Hoskote to Sarjapur.,Namma Metro Red Line (Sarjapur to Hebbal via Agara) Carmelaram Station (Target 2030-32),Satellite Town Ring Road (STRR NH-948A) connecting to Bengaluru International Airport (KIA) bypass,"Market Square Mall Sarjapur, Play Arena Sports Complex (Kasavanahalli), Kaikondrahalli Lake Eco-Track",-28,19,41,Verify independent stormwater outfall and plinth elevation >= 1.5m above road grade. Prefer elevated ridge societies over valley bed layouts.,2026-10-03 12:03:03,BBMP Mahadevapura Division / NGT Order O.A. 222/2022
560068,Bommanahalli & Central Silk Board Junction,Bengaluru,Karnataka,High Stress Avoidance,-4.2m Madiwala lake overflow runoff,8-14 days,1150,Central Silk Board junction chronic commuter bottleneck (up to 45 mins delay); Rupena Agrahara service road knee-deep waterlogging during 30mm rain; heavy particulate air pollution (PM2.5 > 140); old drainage infrastructure surcharge.,7.5,2.95x (8.5 km/h avg),BMRCL Silk Board Multi-Level Flyover Loop and Interchange Hub; BBMP Madiwala drain deepening project.,Silk Board Interchange Station (Yellow Line to E-City & Blue Line to Airport),Direct Blue Line elevated metro run via Silk Board-K.R. Puram-Nagawara to KIA Airport (45 mins),"Vega City Mall (4 km), Forum South Bengaluru (5 km), Madiwala Lake Boating & Sports Club",-26,22,46,"Rapid transit hub due to dual metro interchange, but severe surface congestion and air noise require triple-glazed windows and flood gates.",2026-10-03 12:03:03,BMRCL Yellow/Blue Line Joint DPR / BBMP Stormwater Wing
560048,Hoodi & Whitefield Railway Basin Lowlands,Bengaluru,Karnataka,Moderate Caution,-3.8m Hoodi lake runoff,6-10 days,620,Waterlogging on Hoodi circle underpass; industrial effluents in local open stormwater trenches; water pressure drops in high-rise societies; Hoodi railway gate traffic jams.,7.2,2.20x (14.0 km/h avg),Whitefield Tech Corridor Urban Redevelopment Plan; Cauvery Stage V full piped distribution commissioning.,Namma Metro Purple Line Hoodi Station (Operational),"Whitefield-Budigere Cross corridor to Airport Terminal (36 km, 40 mins via SH-104)","Phoenix Marketcity (3 km), VR Bengaluru Mall (3 km), Decathlon Whitefield, ITPL Cricket Ground",-18,21,53,Good capital appreciation corridor supported by Purple Line Metro. Ensure society has dedicated dual piped plumbing and BWSSB Cauvery connection.,2026-10-03 12:03:03,BWSSB Cauvery Stage V Progress Report / BMRCL Operations
560064,Yelahanka Kogilu & Puttenahalli Bird Sanctuary Fringe,Bengaluru,Karnataka,High Stress Avoidance,-6.2m Kogilu lake marsh basin,12-16 days,780,Kogilu cross underpass total submergence during heavy monsoon downpours; Kendriya Vihar society basement flooding; encroachment on secondary feeders of Puttenahalli lake; muddy approach roads during rains.,8.0,2.30x (13.5 km/h avg),BBMP Yelahanka Zone SWD Remodeling; NH-44 Kogilu junction flyover expansion; BDA Peripheral Ring Road Phase 1.,Namma Metro Blue Line Kogilu Cross & Yelahanka Stations (Opening 2026-27),"Closest Bengaluru corridor to KIA International Airport (18 km, 15 mins via elevated NH-44)","RMZ Galleria Mall Yelahanka (2.5 km), Padukone-Dravid Centre for Sports Excellence (7 km), Puttenahalli Lake Eco Park",-27,24,47,"High airport proximity value, but rigorously avoid low-lying apartments within 200m of Kogilu lake basin or SWD buffers.",2026-10-03 12:03:03,BBMP Yelahanka Stormwater Master Drainage Plan
400058,Andheri West (S.V. Road & Andheri Subway Corridor),Mumbai & MMR,Maharashtra,Critical Avoidance,-4.2m below railway tracks,12-18 days,1850,Andheri Subway shuts down completely 15+ times per monsoon season with water depths > 5 feet; Mogara Nullah tidal backflow during high tides (>4.5m); S.V. Road severe traffic paralyzation; basement seepage in older cooperative housing societies; high pest and vector disease incidence post-monsoon.,4.5,3.25x (7.8 km/h avg),BMC BRIMSTOWAD Project: Mogara Holding Pond near Gilbert Hill; underground stormwater holding tanks; Versova-Bandra Sea Link (VBSL) connector.,Mumbai Metro Line 2B (D.N. Nagar to Mandale) & Line 7 (Andheri East to Dahisar) interchange at WEH,Chhatrapati Shivaji Maharaj International Airport (CSMIA T2) within 6 km; Direct connector to Western Express Highway,"Infinity Mall Malad (5 km), Citi Mall Andheri, Andheri Sports Complex (Shahaji Raje Krida Sankul), Juhu Beach Promenade",-34,20,36,Extreme caution for subterranean parking and ground floor retail. Upper floor residential assets maintain strong rental demand.,2026-10-03 12:03:03,BMC Disaster Management Department / BRIMSTOWAD High Powered Committee
400024,Kurla West (CST Road & Mithi River Basin),Mumbai & MMR,Maharashtra,Critical Avoidance,-6.0m reclaimed mangrove sink,14-20 days,1620,"Mithi River breach causing 4 to 6 feet waterlogging across CST Road, LBS Marg, and Taximen Colony; Central Railway track submergence suspending suburban trains; uninsurable underground basements; heavy airborne chemical odor from industrial nullahs; severe gridlock at Kurla-Kalina junction.",5.2,3.40x (6.2 km/h avg),"MMRDA Mithi River Development Authority: Channel desilting, retaining wall construction, and Chunabhatti holding pond; BKC-Kurla elevated corridor.",Mumbai Metro Line 3 (Aqua Line Colaba-Bandra-SEEPZ) BKC Station (1.8 km) & Metro Line 2B Kurla Station,Direct proximity to CSMIA T1 & T2 terminals (4 km via Kurla-CST link road),"Phoenix Marketcity Kurla (2 km), Jio World Plaza BKC (2.5 km), University of Mumbai Sports Grounds",-36,18,32,Strict avoidance for long-term capital preservation unless project is situated on elevated BKC podium structures with specialized sump gates.,2026-10-03 12:03:03,MMRDA Mithi River Authority / IIT Bombay Urban Flood Study
400022,Sion & Chunabhatti (Gandhi Market & Pratiksha Nagar),Mumbai & MMR,Maharashtra,Critical Avoidance,-4.8m saucer-shaped wetland basin,10-15 days,1390,"Gandhi Market Kings Circle saucer basin acts as natural drainage sink, submerging BEST buses and taxis; Harbour Line rail tracks submerged at Chunabhatti; vehicular traffic stalled on Eastern Express Highway (EEH); dampness and foundation moss in low-rise chawls and residential buildings.",4.0,3.10x (8.2 km/h avg),BMC Underground Water Holding Tanks at Pramod Mahajan Park & St. Xavier Ground; Mahim Nature Park conservation buffer.,Mumbai Metro Line 4 (Wadala to Kasarvadavali) Sion Station (Opening 2026-27),Eastern Freeway connecting South Mumbai to Navi Mumbai International Airport (NMIA) via MTHL Atal Setu,"High Street Phoenix Lower Parel (6 km), Sion Fort Historical Park, Somaiya Vidyavihar Olympic Sports Track",-31,21,40,Avoid low-lying ground units near Gandhi Market. High connectivity upside via MTHL Atal Setu and Metro 4 for elevated tower assets.,2026-10-03 12:03:03,BMC F-North Ward Flood Mitigation Registry
400615,Thane West (Ghodbunder Road Waghbil & Anand Nagar),Mumbai & MMR,Maharashtra,Moderate Caution,-3.5m Thane Creek tidal fringe,7-12 days,920,Ghodbunder Road peak-hour bumper-to-bumper traffic (heavy container trucks heading to JNPT); Waghbil nala overflow during high tide; frequent summer water cuts requiring TMC water rationing; transformer voltage fluctuations during thunderstorms.,6.8,2.70x (11.5 km/h avg),TMC / MMRDA Thane-Borivali Twin Tunnel (11.8 km subterranean link); Ghodbunder elevated flyover extensions; Kopri creek widening.,Mumbai Metro Line 4 & 5 Interchange (Wadala-Kasarvadavali & Thane-Bhiwandi-Kalyan),Navi Mumbai International Airport via Thane-Belapur Road & MTHL corridor (38 km),"Viviana Mall (4 km), Korum Mall (5 km), Suraj Water Park, Yeoor Hills Eco Trails & Sanjay Gandhi National Park",-22,25,53,Strong 10-year growth corridor once Thane-Borivali tunnel cuts travel time to Western Suburbs to 15 mins. Ensure project has dedicated water storage reservoirs.,2026-10-03 12:03:03,MMRDA Comprehensive Transportation Study (CTS 2036)
410206,Panvel (Kalundre River Catchment & Old Panvel),Mumbai & MMR,Maharashtra,High Stress Avoidance,-5.1m Kalundre river high-tide level,8-14 days,810,Kalundre river overflow flooding Old Panvel market and low-lying residential clusters; CIDCO water supply disruptions in dry months; heavy dust pollution from ongoing airport construction; traffic bottlenecks on Sion-Panvel expressway.,6.5,2.35x (16.0 km/h avg),CIDCO NAINA (Navi Mumbai Airport Influence Notified Area) Master Plan; Kalundre river training and tidal flap gates; Panvel-Karjat suburban rail expansion.,Navi Mumbai Metro Line 1 & Line 2 (Belapur-Pendhar to Khandeshwar / NMIA Airport),Adjacent to Navi Mumbai International Airport (NMIA - Opening 2025-26),"Orion Mall Panvel, Karnala Sports Academy & Bird Sanctuary, D.Y. Patil Stadium Nerul (14 km)",-25,28,53,Massive long-term growth catalyst from NMIA commercial operations and NAINA infrastructure. Stick strictly to CIDCO-planned sectors with high plinth elevations.,2026-10-03 12:03:03,CIDCO NAINA Master Plan 2038 / Panvel Municipal Corporation (PMC)
600042,Velachery (Lakebed Inundation Zone & Vijayanagar),Chennai,Tamil Nadu,Critical Avoidance,-5.5m below surrounding Guindy ridge,15-22 days,1730,Severe inundation during NE monsoon & cyclones (Michaung submerged cars completely); residents park vehicles on bypass flyovers; drainage backflow into toilets; high winter rental discounts; heavy mosquito breeding in stagnant water; groundwater brackish with high iron content.,7.8,2.90x (9.5 km/h avg),CMDA Second Master Plan: Remodeling of Velachery macro-drain outfall into Pallikaranai marsh; elevated corridor from Vijayanagar to Taramani.,Chennai Metro Phase 2 Corridor 3 & 5 (Madhavaram to Sholinganallur) Velachery Station (Target 2026-28),Chennai International Airport (MAA) at Meenambakkam within 7.5 km via Inner Ring Road,"Phoenix Marketcity Chennai (1.5 km), Grand Square Mall, Velachery Aquatic Complex & YMCA Grounds",-35,19,34,Avoid ground floor flats and standalone houses without high stilts. Multi-story gated towers with rooftop generators and stilt parking manage better.,2026-10-03 12:03:03,Greater Chennai Corporation (GCC) Disaster Management Wing / TNGIS
600100,Pallikaranai & Medavakkam Marshland Encroachment Fringe,Chennai,Tamil Nadu,Critical Avoidance,-7.0m natural drainage sink of South Chennai,18-28 days,1480,Lowest topography sink in South Chennai; roads waterlogged for up to 3 weeks post-cyclone; boat rescue required for inner streets; high groundwater salinity (>950 ppm TDS); National Green Tribunal (NGT) legal scrutiny on building buffer zones; burning of municipal dump site causing air toxicity.,8.9,2.65x (12.0 km/h avg),Tamil Nadu Forest Dept Ramsar Wetland Conservation Buffer; Medavakkam 3-level flyover complex; CMWSSB underground sewerage extension.,Chennai Metro Phase 2 Corridor 5 Medavakkam Junction & Eachangadu Stations (Target 2027),Radial Road connecting directly to Pallavaram-Thoraipakkam 200ft road to Chennai Airport (12 km),"Pallikaranai Eco Park, Nanmangalam Reserve Forest Nature Trail, Vivira Mall Navalur (9 km)",-37,16,29,Strict avoidance for plots without explicit NGT clearance. Severe risk of water ingress and building settlement on soft peaty marsh clay.,2026-10-03 12:03:03,National Green Tribunal Order / GCC South Region Stormwater Audit
600091,Madipakkam (Lake Basin & Puzhuthivakkam Lowlands),Chennai,Tamil Nadu,High Stress Avoidance,-4.9m Madipakkam lakebed runoff,12-19 days,1120,Narrow residential streets lacking storm drains; unpaved roads turning into slush during rains; low CMWSSB piped water pressure; high reliance on private water lorries; traffic chokes near Kaiveli junction.,8.2,2.45x (12.5 km/h avg),CMDA Comprehensive Stormwater Drainage Network (Kovalam Basin); Madipakkam lake bund restoration.,Chennai Metro Phase 2 Corridor 5 Madipakkam Station (Target 2027-28),Chennai International Airport (6 km via Thillai Ganga Nagar subway),"Phoenix Marketcity (3 km), Madipakkam Lake Walking Track, St. Thomas Mount Heritage Park",-29,20,41,Ensure prospective buildings have stilt-plus-3 structure with minimum 4ft road elevation. Metro Phase 2 connectivity will unlock high rental demand.,2026-10-03 12:03:03,CMWSSB Water & Sewerage Division / CMDA Second Master Plan
600119,Sholinganallur & OMR IT Corridor (Buckingham Canal Fringes),Chennai,Tamil Nadu,Moderate Caution,-3.2m coastal canal catchment,8-14 days,1210,Sholinganallur signal mega traffic bottleneck (up to 30 mins to cross 800m); Buckingham canal overflow on service roads; high private water tanker expenditure for IT parks; salinity in groundwater requiring RO filtration units.,8.5,2.75x (11.0 km/h avg),Tamil Nadu Highways: OMR Multi-Tier Elevated Expressway from Taramani to Siruseri; Buckingham Canal desilting and ecotourism waterway.,Chennai Metro Phase 2 Corridor 3 (Madhavaram to SIPCOT IT Park) Sholinganallur Junction Interchange,Future Parandur Greenfield Airport connected via proposed Chennai Peripheral Ring Road (CPRR),"The Marina Mall (5 km), BMR Mall, ECR Beach Resorts & Surf Clubs (3 km), ELCOT IT Park Playfields",-24,26,52,Premier tech employment hub. Avoid low-lying rear plots adjacent to Buckingham canal; premium high-rises on OMR main road offer solid growth.,2026-10-03 12:03:03,CMDA OMR Elevated Road DPR / CMDA Corridor Study
110091,Mayur Vihar Phase-1 & Yamuna Active Floodplains,Delhi-NCR,Delhi,Critical Avoidance,-4.5m Yamuna River active floodplain,10-18 days,1340,Yamuna river breaching danger mark (205.33m) causes direct backflow into Khadar lowlands; subterranean moisture in basements; heavy fog and air pollution during winter (AQI > 450); severe gridlock on Noida link road during peak office hours.,5.0,2.60x (14.0 km/h avg),DDA Master Plan for Delhi 2041 (MPD-2041): Yamuna Riverfront Rejuvenation (Asita East Eco Park); Geeta Colony drainage augmentation.,Delhi Metro Pink Line & Blue Line interchange at Mayur Vihar-1 (Operational),"Indira Gandhi International Airport (IGI T3) via Barapullah elevated corridor (24 km, 35 mins)","Star City Mall Mayur Vihar, Commonwealth Games (CWG) Sports Complex, Akshardham Temple & Cultural Monument",-30,20,40,Strictly avoid unauthorised colonies in Yamuna Khadar belt. DDA-allotted multi-story apartment pockets on elevated embankments are structurally safe.,2026-10-03 12:03:03,DDA MPD-2041 / Central Water Commission (CWC) Yamuna Gauge Records
122002,Gurugram Cyber City & DLF Phase 2 Lowlands,Delhi-NCR,Haryana,High Stress Avoidance,-3.8m Aravali runoff sink,8-15 days,1550,Cyber City underpass submergence under 4 feet water during flash storms; Subhash Chowk and IFFCO Chowk gridlock; GMDA piped water rationing in peak summer; private tanker reliance in builder floors; severe particulate smog and construction dust.,7.8,3.10x (9.0 km/h avg),"GMDA Comprehensive Drainage Plan: Leg 1, 2, 3 stormwater drain concrete remodeling into Najafgarh basin; Gurugram Metro Extension.",Gurugram Metro Rail Project (Huda City Centre to Cyber City 28.5 km loop with 27 stations),"Closest NCR business hub to IGI International Airport (12 km, 15 mins via NH-48)","DLF CyberHub, Ambience Mall Gurugram, Tau Devi Lal Sports Stadium, Aravali Biodiversity Park",-28,27,49,Global corporate hub with premium rentals. Ensure property is not in direct Aravali drainage runoff path. DLF Phase 2 podium complexes are resilient.,2026-10-03 12:03:03,GMDA Urban Drainage Blueprint / Haryana Mass Rapid Transport Corporation
201301,Noida Sector 137 & Shahdara Drain Low-Lying Belt,Delhi-NCR,Uttar Pradesh,Moderate Caution,-3.0m Shahdara drainage depression,6-10 days,890,Heavy foul odor from open Shahdara drain affecting high-rise balconies; complaints of corrosion in air conditioner coils due to hydrogen sulfide gas; waterlogging at underpass near Advant Navis; high maintenance charges for diesel generators.,6.0,2.15x (16.0 km/h avg),Noida Master Plan 2031: Covering and bio-remediation of Shahdara drain; Noida-Greater Noida Expressway decongestion flyovers.,Noida Metro Aqua Line Sector 137 Station (Operational),Direct expressway access to upcoming Noida International Airport (Jewar - Opening 2025-26),"Advant Navis Business Park, Sector 137 Central Bio-Diversity Park, Noida Indoor Stadium (8 km)",-22,24,52,High rental yield for tech workers. Inspect apartment orientation; prefer towers facing inward or towards central greens away from the open drain.,2026-10-03 12:03:03,Noida Authority Environmental Cell / Central Pollution Control Board (CPCB)
500013,Moosarambagh & Musi River Basin (Old City Lowlands),Hyderabad,Telangana,Critical Avoidance,-6.5m Musi river flood level,12-18 days,1220,Moosarambagh causeway completely submerged when Osman Sagar & Himayat Sagar gates open; river water inundating colonies; extreme stench and mosquitoes from untreated industrial effluents; building foundation dampness; narrow congested approach roads.,5.5,2.80x (10.2 km/h avg),"Government of Telangana Musi Riverfront Development Project (MRDP): ₹58,000 Cr riverfront rejuvenation, check dams, and elevated expressway corridor.",Hyderabad Metro Red Line Malakpet Station (1.8 km) & proposed Musi Riverfront Metro Spur,Rajiv Gandhi International Airport (RGIA Shamshabad) via Inner Ring Road & PVNR Expressway (22 km),"L.B. Nagar D-Mart & Shopping Hub, Victory Play Ground Chaderghat, Salar Jung Museum & Cultural Hub",-33,17,34,Avoid properties within 200m of Musi river buffer until MRDP retaining wall and river desilting civil works are commissioned.,2026-10-03 12:03:03,GHMC Disaster Management Cell / Musi Riverfront Development Corporation
500081,Madhapur & Durgam Cheruvu Lake Catchment,Hyderabad,Telangana,Moderate Caution,-3.5m Durgam Cheruvu runoff basin,6-10 days,1050,Waterlogging on Kavuri Hills connecting roads during short cloudbursts; peak-hour gridlock at Mindspace roundabout and Ayyappa Society; high private water tanker reliance in older standalone buildings; noise pollution from IT commercial towers.,6.9,2.50x (12.5 km/h avg),HMDA Master Plan 2031: Strategic Road Development Plan (SRDP) multi-level underpasses; Durgam Cheruvu lake aeration and eco-walkway.,Hyderabad Metro Blue Line Durgam Cheruvu & Madhapur Stations (Operational),"RGIA Airport via Nehru Outer Ring Road (ORR Gachibowli junction) (30 km, 30 mins)","Inorbit Mall Cyberabad, Durgam Cheruvu Cable Bridge Promenade, Hitex Exhibition Centre, Gachibowli Athletic Stadium",-20,28,58,Tier-1 IT residential hotspot. Choose gated societies on elevated rock plateau with HMWSSB Krishna/Godavari piped drinking water connections.,2026-10-03 12:03:03,HMDA Master Plan / HMWSSB Water Supply Division
500072,Kukatpally & KPHB (IDL Lake Inundation Depression),Hyderabad,Telangana,High Stress Avoidance,-4.8m IDL lake nala catchment,10-15 days,1180,IDL Lake overflow submerging surrounding colonies and connecting roads; severe choke at Kukatpally Y-junction; groundwater contamination from historical chemical industrial units; high traffic congestion on NH-65.,7.2,2.70x (11.0 km/h avg),GHMC Strategic Nala Development Programme (SNDP): Box drain remodeling at IDL lake; Kukatpally flyover expansion.,Hyderabad Metro Red Line KPHB Colony & JNTU Stations (Operational),Direct access via Miyapur-Gachibowli ORR link to Rajiv Gandhi International Airport,"Forum Sujana Mall (Nexus Hyderabad), Manjeera Mall, JNTU Sports Grounds",-27,21,44,Dense commercial and retail locality. Ensure water testing report for heavy metals before purchasing residential units in older plots.,2026-10-03 12:03:03,GHMC SNDP Phase 2 Report / Telangana Pollution Control Board
221002,"Varanasi Cantt, Nadesar & Varuna River Basin",Varanasi & Eastern UP,Uttar Pradesh,Critical Avoidance,-5.5m Varuna river flood basin,12-20 days,980,Varuna River monsoon backflow submerging Nadesar and Cantt lowlands; water enters ground-floor houses during Ganga high flood levels (>71.26m danger mark); traffic gridlock near Varanasi Junction railway station; open drain siltation.,5.8,2.60x (11.5 km/h avg),VDA Master Plan 2031: Varuna Riverfront Development & Flood Embankments; Varanasi Urban Ropeway Phase 1 (Cantt Station to Godowlia); Ring Road Phase 2 completion.,Varanasi Urban Public Transport Ropeway (Cantt Railway Station Terminal - Opening 2025-26),"Direct 4-lane elevated highway to Lal Bahadur Shastri International Airport Babatpur (21 km, 22 mins)","JHV Mall Nadesar, Sigra International Sports Complex (Dr. Sampurnanand Stadium), Sarnath Heritage Buddhist Circuit (9 km)",-31,23,42,Avoid low-lying riverbed settlements in Varuna flood corridor. High appreciation on elevated Cantt ridge and Shivpur corridor.,2026-10-03 12:03:03,Varanasi Development Authority (VDA) / Central Water Commission Varuna Gauge
221001,"Godowlia, Chowk & Ancient Core Ghats",Varanasi & Eastern UP,Uttar Pradesh,High Stress Avoidance,-3.8m ancient stormwater conduits,8-14 days,1140,Extreme pedestrian and e-rickshaw vehicular gridlock; knee-deep waterlogging during cloudbursts due to British-era brick barrel drains choking; no private car parking available; severe building alteration restrictions under ASI and VDA heritage norms.,4.2,3.50x (4.5 km/h avg),Kashi Vishwanath Dham Special Area Heritage Plan; Underground utility ducting; Riverfront Ghat stabilization.,Varanasi Ropeway Godowlia Chowk Terminal (Direct 15-min aerial transit to Cantt Station),Lal Bahadur Shastri Airport connected via Babatpur 4-lane NH-56 (26 km),"Dashashwamedh Ghat Cultural Plaza, Kashi Vishwanath Dham Corridor, Assi Ghat Ganga Aarti Amphitheatre",-29,24,45,"High commercial and homestay/hotel tourism value, but completely unsuited for vehicle-owning families due to no-car zoning and drainage chokes.",2026-10-03 12:03:03,Kashi Vishwanath Special Area Development Board / UP Jal Sansthan
211002,"Prayagraj (Baghada, Salori & Bakshi Bund Basin)",Varanasi & Eastern UP,Uttar Pradesh,Critical Avoidance,-7.2m Ganga-Yamuna Sangam backflow basin,20-30 days,1410,Chronic evacuation zone during monsoon floods when Ganga and Yamuna exceed 84.73m danger mark; student hostels and residential colonies submerged under 8-10 feet water; power cut for days; heavy silt and mud deposition post-monsoon.,5.2,2.40x (13.0 km/h avg),Prayagraj Mela Authority & PDA Mahakumbh Master Plan: Bakshi Bund pumping station modernization; Ganga Expressway connecting Prayagraj to Meerut (594 km).,Prayagraj Light Metro Phase 1 (Shantipuram to Naini) Civil Lines Interchange (3.5 km),"Prayagraj Domestic Airport (Bamrauli) with direct flights to Delhi, Mumbai, Bengaluru (14 km)","Civil Lines Shopping District, Sangam Mahakumbh Grounds, Madan Mohan Malaviya Stadium, Alfred Park (Chandrashekhar Azad Park)",-38,17,29,STRICT AVOIDANCE for property purchase. Annual evacuation hotspot with catastrophic structural risk during peak flood discharge.,2026-10-03 12:03:03,Prayagraj District Disaster Management Authority / CWC Flood Atlas
